id,first_name,last_name,email,gender,prefix,age,rating,date
1,Alic,Saggers,asaggers0@nps.gov,Male,Dr,39,3.8477,1370770899
2,Gwyneth,Ardley,gardley1@webs.com,Female,Honorable,17,1.5724,1378195869
3,Gregorius,Wathen,gwathen2@devhub.com,Male,Mrs,76,4.9198,1445332990
4,Elvin,Vella,evella3@furl.net,Male,Mr,61,2.3043,1363728059
5,Iormina,Tomasoni,itomasoni4@google.fr,Female,Honorable,36,1.2904,1386257505
6,Rosabel,Puddifer,rpuddifer5@alibaba.com,Female,Dr,78,2.7688,1383470611
7,Karlotta,Fillimore,kfillimore6@oakley.com,Female,Honorable,28,3.4019,1416294674
8,Louise,Riba,lriba7@tripadvisor.com,Female,Dr,46,4.2319,1338191930
9,Haily,Michelotti,hmichelotti8@chicagotribune.com,Female,Mr,59,2.128,1400124240
10,Barrie,Bartrop,bbartrop9@slashdot.org,Male,Dr,44,2.9746,1294483419
11,Helen,Peacocke,hpeacockea@jigsy.com,Female,Ms,77,3.4131,1400179173
12,Eran,Hugli,ehuglib@unc.edu,Female,Dr,46,4.9358,1427849242
13,Burton,Guerreru,bguerreruc@go.com,Male,Dr,33,2.4027,1340753487
14,Kaye,Maynard,kmaynardd@dedecms.com,Female,Mrs,63,1.0905,1333833696
15,Murvyn,Dargan,mdargane@wp.com,Male,Rev,70,1.8936,1383115255
16,Hayes,Ditzel,hditzelf@vistaprint.com,Male,Mrs,70,2.3803,1479743219
17,Kipper,Bates,kbatesg@tiny.cc,Male,Mrs,68,1.7792,1334599611
18,Joaquin,McCreagh,jmccreaghh@home.pl,Male,Rev,65,4.3737,1283883580
19,Jarrid,Goodfellowe,jgoodfellowei@tiny.cc,Male,Honorable,32,3.1747,1392461917
20,Lynnelle,MacSharry,lmacsharryj@unicef.org,Female,Honorable,53,1.1293,1419156879
21,Shurlock,Deakins,sdeakinsk@imageshack.us,Male,Mr,80,0.7068,1344486265
22,Craggy,Gotecliffe,cgotecliffel@prlog.org,Male,Ms,52,3.1633,1449243077
23,Alene,Rodmell,arodmellm@ft.com,Female,Honorable,44,4.2345,1346723016
24,Beale,Hoyte,bhoyten@redcross.org,Male,Dr,19,4.1645,1445712984
25,Viole,Hogbourne,vhogbourneo@mysql.com,Female,Mr,72,2.2372,1350071659
26,Pate,McGillacoell,pmcgillacoellp@dagondesign.com,Male,Dr,48,4.7533,1353312079
27,Kakalina,Lemmertz,klemmertzq@netvibes.com,Female,Mr,79,2.2709,1431932513
28,Beale,Tysall,btysallr@over-blog.com,Male,Honorable,52,3.1653,1298045765
29,Carson,Lethcoe,clethcoes@e-recht24.de,Male,Honorable,48,0.2649,1437270739
30,Jamison,Espinoza,jespinozat@bbc.co.uk,Male,Rev,40,1.7629,1437880137
31,Marni,Bendel,mbendelu@typepad.com,Female,Honorable,18,2.5385,1361990307
32,Clary,Lourens,clourensv@mlb.com,Female,Ms,79,4.6287,1280712853
33,Stacee,Lengthorn,slengthornw@mediafire.com,Female,Mr,57,2.8386,1374155241
34,Tracey,O'Scollain,toscollainx@webnode.com,Male,Honorable,46,4.5401,1374653598
35,Waylan,Reneke,wrenekey@yellowpages.com,Male,Ms,29,1.0319,1468238621
36,Jeniece,Lealle,jleallez@a8.net,Female,Dr,26,2.4242,1363262747
37,Barth,Coyish,bcoyish10@blinklist.com,Male,Honorable,61,1.778,1295297991
38,Beck,Stodart,bstodart11@state.gov,Male,Mr,31,2.9939,1308840697
39,Brandise,Rugieri,brugieri12@japanpost.jp,Female,Mrs,23,2.0086,1354524773
40,Remus,Gethyn,rgethyn13@shinystat.com,Male,Mr,59,3.8395,1315582608
41,Patricia,Hankey,phankey14@wp.com,Female,Honorable,17,3.9876,1389758312
42,Vallie,Tures,vtures15@slideshare.net,Female,Honorable,79,0.1372,1283898651
43,Bianka,Begent,bbegent16@theglobeandmail.com,Female,Mr,35,0.1004,1317108159
44,Helen,Balch,hbalch17@omniture.com,Female,Mr,23,0.5397,1472844709
45,Nathan,Madden,nmadden18@webnode.com,Male,Dr,70,4.7973,1404593928
46,Gilburt,Keepence,gkeepence19@cnn.com,Male,Mr,41,0.4694,1420992153
47,Jack,Sixsmith,jsixsmith1a@twitpic.com,Male,Rev,73,4.1487,1482728379
48,Chane,McGuggy,cmcguggy1b@bandcamp.com,Male,Rev,77,2.8718,1460356515
49,Herby,Bartot,hbartot1c@hibu.com,Male,Honorable,66,0.0111,1421791022
50,Giuseppe,Jeromson,gjeromson1d@uol.com.br,Male,Rev,29,4.9766,1311053556
51,Harp,Darwood,hdarwood1e@ezinearticles.com,Male,Dr,23,3.3758,1315770664
52,Gayle,Mardling,gmardling1f@dailymail.co.uk,Male,Mrs,71,1.2921,1465791780
53,Jeromy,Arnke,jarnke1g@un.org,Male,Rev,46,4.8188,1332541990
54,Tobie,Loudwell,tloudwell1h@flavors.me,Male,Mr,69,4.704,1400974776
55,Dawna,Bryers,dbryers1i@bigcartel.com,Female,Mrs,25,4.6079,1448708938
56,Leshia,Bartolini,lbartolini1j@eepurl.com,Female,Mr,80,1.3991,1357746474
57,Cleopatra,Alven,calven1k@ed.gov,Female,Dr,38,2.4917,1412806923
58,Peirce,Sinnett,psinnett1l@epa.gov,Male,Honorable,64,1.4486,1426246796
59,Marie,Tumayan,mtumayan1m@forbes.com,Female,Mrs,56,2.4015,1357539549
60,Horst,Murra,hmurra1n@phpbb.com,Male,Ms,29,2.4814,1338144028
61,Carmon,Palomba,cpalomba1o@shop-pro.jp,Female,Rev,46,3.8246,1267342961
62,Giacopo,Farmar,gfarmar1p@oaic.gov.au,Male,Dr,59,0.8467,1334534602
63,Christophe,Geraldo,cgeraldo1q@desdev.cn,Male,Mrs,52,4.9594,1363015820
64,Steve,Abisetti,sabisetti1r@arizona.edu,Male,Honorable,24,3.2998,1265519251
65,Buffy,Bloom,bbloom1s@patch.com,Female,Dr,25,0.4631,1282354327
66,Morrie,Fawdrie,mfawdrie1t@bigcartel.com,Male,Dr,76,1.5518,1364212474
67,Judy,Stillmann,jstillmann1u@theguardian.com,Female,Dr,35,1.925,1395780698
68,Upton,Kenan,ukenan1v@t.co,Male,Dr,34,3.8257,1369685539
69,Algernon,Brodhead,abrodhead1w@csmonitor.com,Male,Rev,78,2.2429,1361730018
70,Brand,Mattei,bmattei1x@abc.net.au,Male,Mrs,42,0.22,1406291586
71,Chelsy,Arundell,carundell1y@adobe.com,Female,Rev,24,1.5713,1365123776
72,Tracee,Hubbert,thubbert1z@mapquest.com,Female,Mrs,71,1.6661,1418587262
73,Nell,Stemson,nstemson20@state.tx.us,Female,Rev,79,3.7518,1488545946
74,Cordie,Gwinnel,cgwinnel21@phoca.cz,Female,Dr,43,3.7774,1328316563
75,Hildegaard,Lingard,hlingard22@xing.com,Female,Mr,55,0.2226,1490145949
76,Sheridan,Jupe,sjupe23@gizmodo.com,Male,Honorable,77,4.8426,1411409321
77,Willard,Cosgrove,wcosgrove24@arizona.edu,Male,Ms,69,4.4846,1382814826
78,Lidia,Tace,ltace25@symantec.com,Female,Dr,68,1.8955,1427840021
79,Baxy,Snelgrove,bsnelgrove26@vimeo.com,Male,Honorable,69,4.0371,1436379052
80,Lauri,Lung,llung27@livejournal.com,Female,Mrs,75,1.2194,1367607291
81,Ruy,Duley,rduley28@4shared.com,Male,Mrs,75,3.2192,1359573268
82,Julia,Giddings,jgiddings29@myspace.com,Female,Dr,35,3.4979,1305771393
83,Sibyl,Plowell,splowell2a@ask.com,Male,Rev,53,4.5428,1456336661
84,Hali,Bracken,hbracken2b@google.cn,Female,Mrs,44,4.9061,1488037414
85,Cam,Growcock,cgrowcock2c@toplist.cz,Male,Rev,51,4.5948,1449181948
86,Paul,Youson,pyouson2d@webs.com,Male,Dr,21,3.016,1427257408
87,Craig,Pescott,cpescott2e@mashable.com,Male,Honorable,22,2.7608,1395303838
88,Phaidra,Gebbe,pgebbe2f@reddit.com,Female,Mrs,70,0.2025,1450356506
89,Ruthann,Harbottle,rharbottle2g@yellowpages.com,Female,Mrs,73,1.0829,1428800134
90,Giselbert,Cochran,gcochran2h@admin.ch,Male,Ms,66,0.9791,1339536202
91,Emilio,Ailmer,eailmer2i@harvard.edu,Male,Dr,61,1.6911,1471279025
92,Nanon,Abrams,nabrams2j@issuu.com,Female,Honorable,35,1.2108,1317001507
93,Alayne,McEllen,amcellen2k@smh.com.au,Female,Honorable,76,4.68,1442986436
94,Ring,Mcimmie,rmcimmie2l@tinypic.com,Male,Mrs,54,1.0431,1302898013
95,Fonz,Leonardi,fleonardi2m@multiply.com,Male,Honorable,72,2.1265,1410092196
96,Giacobo,Wakefield,gwakefield2n@sun.com,Male,Ms,40,1.2555,1283285769
97,Charlene,Brumen,cbrumen2o@fc2.com,Female,Mr,40,0.3224,1315940378
98,Ranique,Gawn,rgawn2p@sohu.com,Female,Mrs,76,1.6557,1304573749
99,Tuckie,Grinaway,tgrinaway2q@slashdot.org,Male,Rev,36,1.2395,1446275522
100,Nellie,Rillstone,nrillstone2r@chicagotribune.com,Female,Mrs,47,1.5019,1480158718
101,Madelle,O' Cuolahan,mocuolahan2s@eepurl.com,Female,Honorable,21,2.0595,1291080809
102,Larine,Mattiato,lmattiato2t@mozilla.org,Female,Rev,27,4.67,1358563182
103,Shayne,Hulles,shulles2u@constantcontact.com,Male,Rev,30,4.2515,1308583290
104,Paulina,Russan,prussan2v@mapy.cz,Female,Rev,30,2.4271,1368013315
105,Julienne,Moffett,jmoffett2w@vimeo.com,Female,Ms,18,4.7106,1266247603
106,Edward,Juanico,ejuanico2x@istockphoto.com,Male,Rev,63,0.9276,1330649342
107,Saundra,Paylie,spaylie2y@amazon.co.uk,Male,Honorable,19,3.518,1283627571
108,Jelene,Huniwall,jhuniwall2z@ed.gov,Female,Honorable,61,1.689,1492523603
109,Lek,Hrus,lhrus30@soup.io,Male,Rev,67,0.5608,1433846033
110,Jaymee,Macvain,jmacvain31@com.com,Female,Mr,32,0.56,1476501105
111,Bartolomeo,Suddaby,bsuddaby32@businesswire.com,Male,Rev,56,0.5211,1393233273
112,Walt,Critzen,wcritzen33@rambler.ru,Male,Honorable,64,2.559,1264890360
113,Herby,Spender,hspender34@tamu.edu,Male,Mrs,49,0.4333,1277930219
114,Hugh,Fick,hfick35@cdc.gov,Male,Honorable,68,0.6455,1377337538
115,Nessi,Francesconi,nfrancesconi36@washington.edu,Female,Mrs,29,4.2832,1327902123
116,Carena,Wrenn,cwrenn37@usatoday.com,Female,Rev,51,2.4005,1397332403
117,Sarena,Cribbott,scribbott38@soundcloud.com,Female,Mr,40,2.4619,1381050060
118,Tamera,Loxton,tloxton39@last.fm,Female,Rev,78,0.9045,1304843730
119,Kurt,Tyrer,ktyrer3a@ustream.tv,Male,Honorable,47,4.4883,1438032943
120,Gallagher,Slee,gslee3b@edublogs.org,Male,Ms,27,2.4556,1380335830
121,Howard,Pfaffel,hpfaffel3c@storify.com,Male,Dr,21,0.1353,1431014814
122,Merrile,Moloney,mmoloney3d@cyberchimps.com,Female,Dr,74,4.5859,1273894028
123,Drona,Howford,dhowford3e@usa.gov,Female,Mrs,17,2.6761,1467865515
124,Kattie,Mollatt,kmollatt3f@apache.org,Female,Rev,68,3.1349,1442524666
125,Emmaline,Botham,ebotham3g@netlog.com,Female,Mrs,80,2.6965,1460470323
126,Karlis,Colvine,kcolvine3h@ifeng.com,Male,Dr,19,0.6738,1482213587
127,Beck,Moody,bmoody3i@hubpages.com,Male,Honorable,74,2.0844,1483593056
128,Isabelita,Purveys,ipurveys3j@slate.com,Female,Rev,66,0.318,1297438052
129,Kellby,Neave,kneave3k@google.com.au,Male,Mrs,49,3.0283,1347637269
130,Chet,Cavolini,ccavolini3l@java.com,Male,Rev,33,1.3707,1272912310
131,Gilberte,McGinty,gmcginty3m@vistaprint.com,Female,Rev,79,0.9714,1435352736
132,Free,Howes,fhowes3n@theguardian.com,Male,Honorable,36,3.7522,1424655739
133,Romeo,Buckenhill,rbuckenhill3o@illinois.edu,Male,Mr,22,1.0738,1343656865
134,Renae,Lermit,rlermit3p@seesaa.net,Female,Ms,17,4.1092,1424808193
135,Antons,Faber,afaber3q@fda.gov,Male,Ms,27,1.6428,1486432280
136,Hayyim,Eggleson,heggleson3r@twitter.com,Male,Mr,20,4.8451,1491847172
137,Alfred,Peeke,apeeke3s@tamu.edu,Male,Rev,27,2.8835,1339252354
138,Robinia,Seyfart,rseyfart3t@sciencedaily.com,Female,Mrs,27,0.7827,1435522013
139,Samson,Braznell,sbraznell3u@mediafire.com,Male,Ms,74,0.958,1453950577
140,Salomo,Jeste,sjeste3v@archive.org,Male,Ms,65,0.5757,1425410906
141,Barb,Aburrow,baburrow3w@com.com,Female,Ms,53,4.1486,1282536248
142,Smitty,Shearstone,sshearstone3x@google.es,Male,Mr,44,0.7678,1361351180
143,Brnaba,Astlet,bastlet3y@symantec.com,Male,Mrs,48,0.822,1342796592
144,Ingunna,Doole,idoole3z@intel.com,Female,Mrs,49,1.2358,1328861358
145,Maxy,Bodega,mbodega40@prweb.com,Female,Dr,39,1.2305,1300762698
146,Andris,Sayers,asayers41@cam.ac.uk,Male,Mr,34,0.0606,1394072798
147,Sophronia,Turnell,sturnell42@furl.net,Female,Rev,25,1.0918,1352919789
148,Rudd,Crawford,rcrawford43@zdnet.com,Male,Honorable,60,4.7531,1483926015
149,Sigismondo,Wilbore,swilbore44@angelfire.com,Male,Ms,44,1.874,1283226863
150,Temp,Moorton,tmoorton45@xing.com,Male,Dr,24,2.2581,1277077392
151,Ailey,Bunton,abunton46@unc.edu,Female,Mr,62,3.681,1372793562
152,Abrahan,Wathen,awathen47@goodreads.com,Male,Dr,46,0.581,1432577697
153,Monah,Thurling,mthurling48@mashable.com,Female,Ms,18,0.3685,1343096971
154,Ninon,Krzyzaniak,nkrzyzaniak49@rambler.ru,Female,Dr,74,4.7356,1271769259
155,Briano,Shallcrass,bshallcrass4a@sciencedaily.com,Male,Ms,44,4.8014,1333755379
156,Dunn,Boost,dboost4b@issuu.com,Male,Honorable,50,1.3901,1306256724
157,Shepperd,Crellim,screllim4c@imdb.com,Male,Rev,18,1.4283,1283341305
158,Nichols,Jantot,njantot4d@indiegogo.com,Male,Ms,72,1.7274,1333960139
159,Kelsy,Lehrer,klehrer4e@google.com.hk,Female,Honorable,65,2.0115,1314827433
160,Blane,Porkiss,bporkiss4f@weather.com,Male,Honorable,77,2.0732,1468441940
161,Westley,Romanski,wromanski4g@ameblo.jp,Male,Mr,38,3.0167,1347147229
162,Kory,Gonoude,kgonoude4h@trellian.com,Male,Dr,52,2.2301,1352397553
163,Constantia,Weale,cweale4i@privacy.gov.au,Female,Honorable,59,0.9029,1295869796
164,Naomi,McOnie,nmconie4j@reverbnation.com,Female,Honorable,37,2.6713,1311015631
165,Salome,Donativo,sdonativo4k@utexas.edu,Female,Ms,32,4.5957,1412157493
166,Sula,Gange,sgange4l@ning.com,Female,Mrs,39,4.664,1490280119
167,Lura,Otson,lotson4m@guardian.co.uk,Female,Dr,61,1.1897,1310093040
168,Emili,Weild,eweild4n@uiuc.edu,Female,Mr,17,2.9497,1298788394
169,Hedvige,Beat,hbeat4o@umn.edu,Female,Ms,66,2.731,1307148307
170,Dorey,Brewett,dbrewett4p@reverbnation.com,Male,Mrs,70,2.7471,1328473928
171,Jolee,Juliff,jjuliff4q@vkontakte.ru,Female,Ms,30,0.4561,1364423000
172,Ulrich,Hof,uhof4r@usnews.com,Male,Honorable,77,3.7229,1478381085
173,Shepard,Felix,sfelix4s@msn.com,Male,Mr,60,1.6684,1321503432
174,Iver,Jills,ijills4t@blogs.com,Male,Honorable,17,2.7874,1435897120
175,Emanuel,Barrable,ebarrable4u@tripod.com,Male,Honorable,32,0.6485,1477653508
176,Lois,Pruvost,lpruvost4v@mit.edu,Female,Mr,78,2.0849,1344681375
177,Denis,Imos,dimos4w@dyndns.org,Male,Rev,71,3.7377,1481137168
178,Mirelle,Grouer,mgrouer4x@tripadvisor.com,Female,Mr,55,2.8869,1335726680
179,Solly,Stading,sstading4y@mozilla.org,Male,Ms,59,0.3954,1279276860
180,Waldon,Pothbury,wpothbury4z@mapquest.com,Male,Dr,43,0.8934,1288747873
181,Virgina,Abbati,vabbati50@multiply.com,Female,Ms,58,4.4931,1440553308
182,Arlan,Coggell,acoggell51@wikia.com,Male,Rev,74,0.4839,1374603116
183,Louie,MacFadzan,lmacfadzan52@paypal.com,Male,Mrs,75,2.1867,1337560847
184,Deloris,Galletly,dgalletly53@xing.com,Female,Dr,34,0.42,1398669360
185,Melita,D'Errico,mderrico54@quantcast.com,Female,Ms,25,2.7512,1400417531
186,Reilly,Jedrzejkiewicz,rjedrzejkiewicz55@cargocollective.com,Male,Dr,41,0.0916,1333415465
187,Teddi,Beare,tbeare56@comsenz.com,Female,Honorable,48,0.127,1286852193
188,Eldin,Gillaspy,egillaspy57@oaic.gov.au,Male,Mrs,71,4.138,1320121579
189,Florri,MacAne,fmacane58@google.com,Female,Mrs,37,2.7507,1442193736
190,Somerset,Cowndley,scowndley59@bandcamp.com,Male,Dr,17,1.8556,1419309259
191,Chandler,Pasby,cpasby5a@vk.com,Male,Ms,60,3.6446,1345710486
192,Francine,Rappaport,frappaport5b@discuz.net,Female,Rev,43,3.1387,1398233160
193,Raimund,Hare,rhare5c@tmall.com,Male,Ms,25,4.997,1388045662
194,Gloriane,Malacrida,gmalacrida5d@vinaora.com,Female,Mrs,68,0.7925,1490194873
195,Alex,Debney,adebney5e@cornell.edu,Male,Mr,72,2.0969,1314095994
196,Nikola,Ashfull,nashfull5f@twitter.com,Male,Mr,39,4.4742,1313899262
197,Gregorio,Sainsbury-Brown,gsainsburybrown5g@google.com.br,Male,Rev,69,0.0952,1297157676
198,Orel,Rayburn,orayburn5h@cdbaby.com,Female,Mrs,21,0.6589,1285136224
199,Zeb,Satterlee,zsatterlee5i@furl.net,Male,Ms,72,3.2487,1410013525
200,Adams,Bennen,abennen5j@noaa.gov,Male,Honorable,58,3.6342,1343764196
201,Batholomew,Fleckno,bfleckno5k@businessinsider.com,Male,Mrs,67,4.2324,1401618291
202,Phip,Steffans,psteffans5l@nba.com,Male,Rev,65,0.4396,1470108203
203,Shara,Vickerman,svickerman5m@google.nl,Female,Rev,80,1.8263,1414561096
204,Nadya,Purdom,npurdom5n@hatena.ne.jp,Female,Honorable,77,2.6374,1278200084
205,Carling,Cansdale,ccansdale5o@booking.com,Male,Dr,68,2.8682,1309731092
206,Maribelle,Sillito,msillito5p@google.com.hk,Female,Rev,20,4.3204,1437350872
207,Laird,Geratt,lgeratt5q@ucsd.edu,Male,Mrs,25,2.7531,1302565084
208,Jessica,Collishaw,jcollishaw5r@google.pl,Female,Mrs,62,3.2024,1308575682
209,Brigit,Singleton,bsingleton5s@fema.gov,Female,Mr,64,0.0469,1462402398
210,Fonzie,Heinritz,fheinritz5t@geocities.com,Male,Honorable,68,2.6827,1431663932
211,Gennie,Harte,gharte5u@spiegel.de,Female,Dr,43,0.2068,1304446326
212,Arlinda,Vondracek,avondracek5v@drupal.org,Female,Rev,54,4.6889,1281081618
213,Donetta,Greenhow,dgreenhow5w@soundcloud.com,Female,Honorable,75,2.3179,1391787385
214,Liuka,Bowskill,lbowskill5x@ftc.gov,Female,Ms,20,2.988,1481232895
215,Marcile,Llywarch,mllywarch5y@vkontakte.ru,Female,Mrs,60,2.3276,1372676864
216,Englebert,Piken,epiken5z@msu.edu,Male,Mr,47,2.078,1408124706
217,Dacie,Van den Bosch,dvandenbosch60@omniture.com,Female,Dr,52,4.0207,1266035318
218,Inga,Duplock,iduplock61@fastcompany.com,Female,Honorable,40,0.3485,1484760630
219,Adey,Wigzell,awigzell62@google.co.uk,Female,Mr,52,4.9558,1440541347
220,Wiatt,Clutheram,wclutheram63@foxnews.com,Male,Mr,60,2.5817,1416265112
221,Mariya,Cyples,mcyples64@thetimes.co.uk,Female,Rev,71,3.6364,1358949135
222,Genna,Bellay,gbellay65@cnbc.com,Female,Rev,72,2.7089,1395360417
223,Joaquin,Waterdrinker,jwaterdrinker66@simplemachines.org,Male,Mr,20,1.6624,1354593617
224,Evanne,Sells,esells67@huffingtonpost.com,Female,Ms,31,4.93,1309417970
225,Zachary,Lanceley,zlanceley68@facebook.com,Male,Honorable,56,4.1955,1358659070
226,Lorens,Baszkiewicz,lbaszkiewicz69@jiathis.com,Male,Rev,66,1.0587,1336455098
227,Sim,Lassell,slassell6a@shinystat.com,Male,Ms,70,3.5342,1420417548
228,Pierson,Blacklawe,pblacklawe6b@yellowbook.com,Male,Mrs,54,4.805,1427019949
229,Clea,Sarfass,csarfass6c@bizjournals.com,Female,Honorable,58,3.5059,1432337375
230,Alexandr,Glassup,aglassup6d@usgs.gov,Male,Rev,17,2.7712,1292357126
231,Ann-marie,Rain,arain6e@bandcamp.com,Female,Mr,61,0.045,1305484758
232,Beatrix,Pragnall,bpragnall6f@networkadvertising.org,Female,Ms,71,4.8944,1486554862
233,Maje,Beardsall,mbeardsall6g@icq.com,Male,Mr,40,2.0452,1350128360
234,Annelise,Hughlock,ahughlock6h@networkadvertising.org,Female,Dr,36,2.8835,1272532579
235,Johann,Belchambers,jbelchambers6i@utexas.edu,Male,Dr,22,1.9481,1364966315
236,Alasteir,Hatter,ahatter6j@adobe.com,Male,Dr,60,4.9097,1382145371
237,Floyd,Calles,fcalles6k@hatena.ne.jp,Male,Ms,71,1.218,1391516196
238,Shandee,Kentwell,skentwell6l@hatena.ne.jp,Female,Ms,80,4.596,1389895576
239,Hewett,Frank,hfrank6m@addtoany.com,Male,Ms,23,2.3223,1378641533
240,Raf,Warfield,rwarfield6n@zdnet.com,Female,Ms,41,0.8466,1293464862
241,Towny,Lindenman,tlindenman6o@yale.edu,Male,Mr,43,4.9424,1278570808
242,Dayle,Caraher,dcaraher6p@1und1.de,Female,Honorable,30,2.2627,1320305995
243,Yanaton,Grunwall,ygrunwall6q@nbcnews.com,Male,Mr,74,1.4387,1445548800
244,Mattias,Brisset,mbrisset6r@boston.com,Male,Ms,74,1.532,1301836578
245,Isidore,Dutt,idutt6s@webnode.com,Male,Mrs,63,4.7289,1312907324
246,Bernie,Dainty,bdainty6t@blogs.com,Female,Ms,35,4.9199,1331027415
247,Gill,Gulleford,ggulleford6u@ow.ly,Male,Dr,40,3.1779,1266767345
248,Pren,Fradgley,pfradgley6v@boston.com,Male,Mrs,20,4.2383,1299318958
249,Mead,Winterbourne,mwinterbourne6w@narod.ru,Female,Ms,67,2.7568,1389399058
250,Blair,Black,bblack6x@reference.com,Male,Mrs,20,1.2371,1394398169
251,Tobias,Traynor,ttraynor6y@about.me,Male,Ms,61,0.0088,1477743508
252,Lexi,Lardiner,llardiner6z@state.gov,Female,Rev,66,0.0042,1408390428
253,Land,O' Bee,lobee70@hugedomains.com,Male,Mrs,54,4.4247,1465666291
254,Beverie,Greatrakes,bgreatrakes71@squarespace.com,Female,Mr,77,2.6272,1474708842
255,Heidi,Boyland,hboyland72@1688.com,Female,Ms,58,0.169,1443506849
256,Knox,Blything,kblything73@51.la,Male,Ms,77,3.3719,1274074370
257,Anselm,Jailler,ajailler74@hud.gov,Male,Dr,23,2.0582,1313058199
258,Merwyn,Leving,mleving75@google.com.hk,Male,Honorable,74,2.1177,1341681106
259,Cletis,O'Sesnane,cosesnane76@sina.com.cn,Male,Mrs,18,4.0912,1298575817
260,Violante,Saull,vsaull77@mail.ru,Female,Ms,51,4.7502,1457580279
261,Donalt,Grivori,dgrivori78@slashdot.org,Male,Ms,33,2.8093,1457994526
262,Grenville,Crux,gcrux79@census.gov,Male,Ms,29,1.8061,1326218874
263,Sephira,McOwan,smcowan7a@bandcamp.com,Female,Mrs,49,3.591,1283447229
264,Ibrahim,Goulden,igoulden7b@blinklist.com,Male,Mr,64,4.7249,1330174975
265,Anissa,Philipp,aphilipp7c@alibaba.com,Female,Rev,80,4.7251,1348445437
266,Genny,Millbank,gmillbank7d@illinois.edu,Female,Honorable,30,4.5928,1266962286
267,Ebeneser,Wickins,ewickins7e@shinystat.com,Male,Mr,47,1.969,1408092766
268,Sebastiano,Mc Ilwrick,smcilwrick7f@kickstarter.com,Male,Rev,63,1.7734,1430777060
269,Cloe,Maccrea,cmaccrea7g@qq.com,Female,Dr,38,3.8703,1334879402
270,Frasquito,Deighton,fdeighton7h@aol.com,Male,Mrs,28,4.1097,1294828929
271,Maury,Rattrie,mrattrie7i@shinystat.com,Male,Mrs,28,3.3715,1325696498
272,Hanny,Kincade,hkincade7j@bloglovin.com,Female,Honorable,43,2.3169,1382015909
273,Netta,Keedy,nkeedy7k@ameblo.jp,Female,Honorable,62,4.3494,1431568992
274,Abbie,Bart,abart7l@example.com,Male,Honorable,65,2.8195,1430444731
275,Brynna,Seater,bseater7m@123-reg.co.uk,Female,Ms,68,1.3855,1424382368
276,Mirna,O'Regan,moregan7n@gravatar.com,Female,Rev,55,4.1454,1494257267
277,Jameson,Barnewall,jbarnewall7o@cpanel.net,Male,Ms,80,0.5754,1356202555
278,Kort,Carlow,kcarlow7p@wordpress.org,Male,Ms,50,0.082,1450578035
279,Rossy,Basire,rbasire7q@diigo.com,Male,Mrs,42,2.4229,1267208043
280,Gardner,Angelini,gangelini7r@paypal.com,Male,Mrs,77,3.2567,1477042939
281,Carlyle,Faithfull,cfaithfull7s@washington.edu,Male,Honorable,44,4.8428,1284310014
282,Jordain,Mattusov,jmattusov7t@google.de,Female,Dr,38,3.1329,1376655436
283,Pansie,Dallewater,pdallewater7u@cafepress.com,Female,Mr,35,1.2607,1414406156
284,Ranee,Fleeming,rfleeming7v@miibeian.gov.cn,Female,Ms,54,4.9316,1372878428
285,Zak,Teulier,zteulier7w@webeden.co.uk,Male,Ms,28,2.468,1334895648
286,Gwyn,Smuth,gsmuth7x@elpais.com,Female,Rev,50,4.0841,1314065709
287,Pierre,Harding,pharding7y@github.io,Male,Ms,61,4.9105,1481562047
288,Temple,Yve,tyve7z@discovery.com,Male,Dr,55,1.2477,1435438544
289,Towny,Giraldon,tgiraldon80@trellian.com,Male,Mrs,20,0.6938,1379240720
290,Tanhya,Bearman,tbearman81@mediafire.com,Female,Ms,59,3.9098,1461256222
291,Bethena,Dymott,bdymott82@sakura.ne.jp,Female,Honorable,55,0.4323,1330747933
292,Rik,Lamyman,rlamyman83@bigcartel.com,Male,Mrs,31,1.2919,1292075512
293,Sophia,Ruste,sruste84@t-online.de,Female,Mrs,27,0.5494,1494786935
294,Mariska,Wickardt,mwickardt85@naver.com,Female,Mr,68,1.528,1438538130
295,Laurianne,Tale,ltale86@columbia.edu,Female,Rev,79,0.0381,1364419168
296,Tamra,Tarver,ttarver87@cdc.gov,Female,Mr,25,4.5295,1487011328
297,Towny,McGeaney,tmcgeaney88@bravesites.com,Male,Mrs,71,2.8341,1297457885
298,Elset,Caltun,ecaltun89@phpbb.com,Female,Rev,47,4.8777,1421013197
299,Fiona,Scholler,fscholler8a@fema.gov,Female,Dr,56,1.8162,1295075331
300,Darrick,Moses,dmoses8b@ifeng.com,Male,Mrs,62,4.5044,1275040998
301,Leroy,Landeg,llandeg8c@amazon.de,Male,Mr,76,0.7004,1428664922
302,Troy,Hynam,thynam8d@weibo.com,Male,Mr,55,0.3081,1402290323
303,Haily,Terren,hterren8e@buzzfeed.com,Female,Mr,62,4.7391,1288284277
304,Clementius,Burndred,cburndred8f@cam.ac.uk,Male,Ms,66,1.2138,1416850219
305,Harriet,Fortesquieu,hfortesquieu8g@i2i.jp,Female,Mrs,52,4.8972,1283602827
306,Kevyn,Challicombe,kchallicombe8h@uol.com.br,Female,Mrs,58,2.8847,1471556138
307,Worthy,Gerhold,wgerhold8i@networksolutions.com,Male,Dr,64,0.5379,1397648070
308,Fernando,Portman,fportman8j@abc.net.au,Male,Ms,43,3.8943,1364677309
309,Cymbre,Seward,cseward8k@walmart.com,Female,Ms,59,4.7989,1465210410
310,Julieta,Randall,jrandall8l@biblegateway.com,Female,Dr,61,0.5647,1282180289
311,Kayne,Baterip,kbaterip8m@biglobe.ne.jp,Male,Dr,34,4.8095,1416475393
312,Elsie,Cariss,ecariss8n@diigo.com,Female,Honorable,18,0.2345,1301049928
313,Zitella,Donaldson,zdonaldson8o@csmonitor.com,Female,Mr,44,2.1104,1379762446
314,Kerwin,Belcher,kbelcher8p@utexas.edu,Male,Dr,65,4.8039,1439659865
315,Chrotoem,Huygens,chuygens8q@washington.edu,Male,Mr,23,4.5357,1418296376
316,Murray,Reichelt,mreichelt8r@archive.org,Male,Honorable,38,1.2008,1279614212
317,Dael,Wilford,dwilford8s@ning.com,Female,Honorable,63,1.9292,1386454130
318,Sybille,Pinkney,spinkney8t@noaa.gov,Female,Ms,62,0.1578,1371860133
319,Erda,Sterke,esterke8u@guardian.co.uk,Female,Honorable,51,0.5294,1350375311
320,Corty,Youngs,cyoungs8v@yahoo.com,Male,Mrs,64,0.8781,1422599611
321,Jeniece,Bischop,jbischop8w@github.com,Female,Mr,23,0.4124,1454240946
322,Cookie,Okey,cokey8x@cafepress.com,Female,Mr,53,2.2506,1271868702
323,Constancia,Westgate,cwestgate8y@eventbrite.com,Female,Honorable,62,1.0411,1435013617
324,Chev,Baughen,cbaughen8z@mapquest.com,Male,Mr,33,4.7289,1436238602
325,Jecho,Mahedy,jmahedy90@jigsy.com,Male,Honorable,28,4.3077,1380455021
326,Rodolphe,Kalkofen,rkalkofen91@jimdo.com,Male,Ms,20,0.212,1299416102
327,Alis,Lampert,alampert92@amazonaws.com,Female,Honorable,26,2.3489,1462289245
328,Caresse,Philpault,cphilpault93@utexas.edu,Female,Honorable,55,2.8315,1369178277
329,Donny,Entreis,dentreis94@reddit.com,Male,Mr,17,2.201,1433316269
330,Amalee,Dombrell,adombrell95@whitehouse.gov,Female,Mrs,69,0.2658,1278581576
331,Billi,Overnell,bovernell96@archive.org,Female,Honorable,69,1.2958,1494689145
332,Irwin,Steagall,isteagall97@jiathis.com,Male,Ms,79,3.4328,1352979667
333,Earl,Brimman,ebrimman98@bbb.org,Male,Ms,59,0.4067,1316493643
334,Louella,Pensom,lpensom99@sogou.com,Female,Rev,19,4.113,1357717072
335,Hayden,Stainland,hstainland9a@delicious.com,Male,Mr,55,3.2259,1297314756
336,Patsy,Wadwell,pwadwell9b@imgur.com,Female,Ms,34,3.397,1316621383
337,Valentine,Christmas,vchristmas9c@wikia.com,Male,Mrs,45,1.5537,1426318841
338,Joseph,Jansa,jjansa9d@hatena.ne.jp,Male,Honorable,58,1.2243,1437147018
339,Jennifer,Janjic,jjanjic9e@walmart.com,Female,Ms,24,1.9892,1488956618
340,Shawna,Antrum,santrum9f@princeton.edu,Female,Dr,53,1.1986,1311981493
341,Flo,Ruddom,fruddom9g@shutterfly.com,Female,Ms,52,2.9907,1415288081
342,Darda,Ormonde,dormonde9h@dot.gov,Female,Rev,80,2.5908,1472491688
343,Krysta,Beards,kbeards9i@phoca.cz,Female,Mr,34,4.3334,1355824459
344,Celisse,Wragg,cwragg9j@unblog.fr,Female,Mrs,62,1.7646,1324034097
345,Dmitri,Venney,dvenney9k@unesco.org,Male,Dr,28,1.8728,1483739908
346,Lisa,Laughlin,llaughlin9l@psu.edu,Female,Mrs,51,3.404,1363507409
347,Aluin,Cristofolini,acristofolini9m@plala.or.jp,Male,Mr,69,1.0653,1400502068
348,Nona,Goldes,ngoldes9n@omniture.com,Female,Rev,31,1.0479,1312922218
349,Reg,Murrill,rmurrill9o@goodreads.com,Male,Rev,73,4.9278,1326415500
350,Silva,Coper,scoper9p@wisc.edu,Female,Ms,46,0.5546,1409633155
351,Christen,Trusler,ctrusler9q@networkadvertising.org,Female,Mrs,61,1.5589,1294362121
352,Silvie,Attoe,sattoe9r@xinhuanet.com,Female,Mrs,48,4.8081,1365585140
353,Chrissie,Plomer,cplomer9s@deliciousdays.com,Male,Mr,41,1.0183,1322064631
354,Angela,Easman,aeasman9t@slate.com,Female,Mr,36,0.6167,1433859226
355,Yorgo,Rennles,yrennles9u@clickbank.net,Male,Dr,31,3.7106,1360990927
356,Luise,Valenta,lvalenta9v@tumblr.com,Female,Mrs,64,4.5485,1415507910
357,Selene,Espadate,sespadate9w@japanpost.jp,Female,Mrs,74,3.8962,1297981894
358,Free,Dedden,fdedden9x@dropbox.com,Male,Ms,63,1.7315,1268613739
359,Sibylla,Usborn,susborn9y@arizona.edu,Female,Mrs,72,3.0704,1462505826
360,Thomasa,Trever,ttrever9z@fema.gov,Female,Dr,27,2.4977,1478679082
361,Georgiana,Petrolli,gpetrollia0@cpanel.net,Female,Ms,32,2.7493,1489514134
362,Cybil,Levecque,clevecquea1@chicagotribune.com,Female,Ms,67,1.9987,1431739464
363,Brandtr,Meffan,bmeffana2@flavors.me,Male,Mrs,71,2.7134,1319139168
364,Bellanca,Strange,bstrangea3@dion.ne.jp,Female,Dr,43,0.314,1266421219
365,Waring,Matyatin,wmatyatina4@usa.gov,Male,Ms,51,2.4171,1405587741
366,Wilow,Offener,woffenera5@examiner.com,Female,Honorable,80,0.997,1492101255
367,Vinnie,McManus,vmcmanusa6@theatlantic.com,Male,Honorable,37,0.8887,1315601271
368,Keir,Tumayan,ktumayana7@newyorker.com,Male,Honorable,68,1.0508,1363516732
369,Jillene,Mehaffey,jmehaffeya8@theglobeandmail.com,Female,Honorable,78,2.6205,1471875561
370,Barnabas,Leyban,bleybana9@booking.com,Male,Mr,51,3.3934,1483535670
371,Velma,McDougle,vmcdougleaa@tinyurl.com,Female,Mrs,74,1.1235,1380195528
372,Jewell,Chislett,jchislettab@uiuc.edu,Female,Mr,77,4.7669,1380031045
373,Ruthy,Caunce,rcaunceac@uol.com.br,Female,Rev,46,2.4021,1370028909
374,Michal,Ipsly,mipslyad@discovery.com,Female,Honorable,42,4.7723,1496006651
375,Blinny,Adamo,badamoae@spiegel.de,Female,Mr,27,4.6575,1307299714
376,Luca,Showt,lshowtaf@nifty.com,Male,Rev,35,2.6939,1431032618
377,Bryon,MacTrustram,bmactrustramag@storify.com,Male,Rev,67,1.706,1281835763
378,Chelsae,Surmeyer,csurmeyerah@meetup.com,Female,Mrs,58,3.5724,1337006172
379,Sam,Plum,splumai@webnode.com,Male,Honorable,59,4.3378,1432109622
380,Avictor,De Bruijn,adebruijnaj@storify.com,Male,Ms,67,1.2572,1320388925
381,Rollie,Whewill,rwhewillak@nymag.com,Male,Mrs,21,4.9177,1365750404
382,Ailbert,Pinkstone,apinkstoneal@unicef.org,Male,Mr,65,4.5457,1270316534
383,Penelopa,Morey,pmoreyam@webnode.com,Female,Ms,63,0.3215,1264816299
384,Deeyn,Tommeo,dtommeoan@marketwatch.com,Female,Rev,46,2.9645,1297604431
385,Shanon,Caberas,scaberasao@cloudflare.com,Female,Ms,58,1.1127,1293455878
386,Guendolen,Beed,gbeedap@techcrunch.com,Female,Mr,23,0.7165,1290725556
387,Charlot,Goodison,cgoodisonaq@reuters.com,Female,Dr,20,4.7146,1373335537
388,Glen,Novis,gnovisar@nature.com,Male,Ms,55,3.3185,1281396867
389,Maurie,Grinter,mgrinteras@stumbleupon.com,Male,Honorable,48,3.6974,1476568761
390,Case,Maffezzoli,cmaffezzoliat@apple.com,Male,Honorable,56,2.9826,1382971999
391,Norrie,McCard,nmccardau@indiegogo.com,Female,Dr,23,2.7186,1385679393
392,Marti,Gentil,mgentilav@ihg.com,Female,Rev,57,3.7763,1317450847
393,Karoly,Hune,khuneaw@theatlantic.com,Female,Mr,64,2.7588,1465796117
394,Noami,Josskoviz,njosskovizax@xing.com,Female,Mr,29,4.5143,1336306533
395,Birgit,Nelius,bneliusay@uol.com.br,Female,Ms,58,2.4573,1355068225
396,Flossi,Elliman,fellimanaz@kickstarter.com,Female,Dr,70,1.4636,1311303881
397,Bren,Brian,bbrianb0@nydailynews.com,Male,Ms,30,3.816,1402765059
398,Ailene,Aldersey,aalderseyb1@hp.com,Female,Mr,19,4.9462,1382975428
399,Basilius,Gerold,bgeroldb2@pen.io,Male,Mr,39,2.09,1356682678
400,Mylo,Attrie,mattrieb3@patch.com,Male,Honorable,18,1.5755,1300885348
401,Baldwin,Peiser,bpeiserb4@bandcamp.com,Male,Ms,23,1.7691,1476382259
402,Amber,Kunath,akunathb5@wiley.com,Female,Mrs,67,3.7434,1417005189
403,Gertrude,Gamell,ggamellb6@etsy.com,Female,Rev,57,2.6694,1385549093
404,Maiga,Warricker,mwarrickerb7@sourceforge.net,Female,Mrs,46,3.2258,1426775378
405,Delano,Tosh,dtoshb8@ameblo.jp,Male,Ms,29,2.3733,1303640232
406,Pauletta,Whetnell,pwhetnellb9@vk.com,Female,Honorable,24,3.3329,1365747369
407,Farley,Shevlin,fshevlinba@nps.gov,Male,Mrs,54,3.964,1480503308
408,Cully,Brampton,cbramptonbb@twitpic.com,Male,Mr,42,4.4348,1266863483
409,Arly,Jacks,ajacksbc@amazonaws.com,Female,Dr,68,3.7576,1421852753
410,Esme,Hadeke,ehadekebd@ca.gov,Male,Ms,56,2.3878,1423202540
411,Hayyim,Crummy,hcrummybe@hp.com,Male,Honorable,23,2.3525,1406814388
412,Anjanette,Cassel,acasselbf@java.com,Female,Rev,56,3.2604,1403030761
413,Elsie,Fuidge,efuidgebg@uol.com.br,Female,Mrs,26,0.761,1372070630
414,Billy,Carpe,bcarpebh@economist.com,Female,Dr,28,2.8269,1416298756
415,Belvia,Anersen,banersenbi@wikipedia.org,Female,Mrs,26,2.8099,1306200574
416,Idell,Gazey,igazeybj@whitehouse.gov,Female,Honorable,50,1.4508,1449707463
417,Pattie,Adlard,padlardbk@howstuffworks.com,Female,Mrs,36,3.7973,1495920327
418,Grove,Rowantree,growantreebl@tamu.edu,Male,Ms,74,0.9384,1423303868
419,Alair,Jeffryes,ajeffryesbm@icio.us,Male,Ms,68,3.0477,1411299219
420,Algernon,Ruby,arubybn@springer.com,Male,Mrs,58,4.9348,1402172429
421,Cora,Dufall,cdufallbo@symantec.com,Female,Mrs,32,4.266,1277053169
422,Hank,Rodder,hrodderbp@fotki.com,Male,Rev,30,1.9252,1275476477
423,Jacky,Wedon,jwedonbq@economist.com,Male,Rev,43,3.1445,1490383640
424,Niel,Kolak,nkolakbr@shareasale.com,Male,Dr,69,4.9676,1481291934
425,Janelle,Lanston,jlanstonbs@free.fr,Female,Rev,59,3.4264,1371756801
426,Viviene,McFayden,vmcfaydenbt@berkeley.edu,Female,Honorable,79,2.6982,1434504470
427,Shelagh,Lammerts,slammertsbu@4shared.com,Female,Ms,27,2.347,1305013359
428,Emery,Tarr,etarrbv@salon.com,Male,Honorable,25,3.4487,1441900596
429,Stevy,Hanton,shantonbw@tinypic.com,Male,Mr,22,4.5677,1416280629
430,Somerset,Middleditch,smiddleditchbx@mysql.com,Male,Rev,17,3.5387,1337212625
431,May,Oventon,moventonby@newsvine.com,Female,Honorable,61,2.1412,1380231005
432,Lisetta,Divina,ldivinabz@netlog.com,Female,Honorable,77,4.3547,1389211598
433,Derril,Ghirardi,dghirardic0@sciencedaily.com,Male,Dr,71,0.3218,1428716583
434,Burt,Thunder,bthunderc1@nydailynews.com,Male,Dr,53,4.8019,1320029107
435,Peria,Pashby,ppashbyc2@sfgate.com,Female,Mr,64,2.3408,1317300616
436,Darice,Rawls,drawlsc3@youku.com,Female,Ms,74,2.5335,1342044832
437,Modesta,Blesdill,mblesdillc4@printfriendly.com,Female,Honorable,31,4.429,1463497424
438,Coop,Bruin,cbruinc5@dagondesign.com,Male,Dr,79,4.2302,1444564874
439,Audry,Notley,anotleyc6@indiatimes.com,Female,Mrs,78,0.3206,1332485336
440,Bobbie,Astles,bastlesc7@1688.com,Female,Mrs,68,2.0719,1340408587
441,Brandea,Brierley,bbrierleyc8@fastcompany.com,Female,Ms,55,3.1685,1457674529
442,Nye,Cornejo,ncornejoc9@thetimes.co.uk,Male,Mr,20,1.7782,1285104701
443,Fairlie,Elmhirst,felmhirstca@biblegateway.com,Male,Mrs,67,0.169,1271084661
444,Ted,Laweles,tlawelescb@marketwatch.com,Male,Dr,33,0.9932,1328176604
445,Homer,Martugin,hmartugincc@netlog.com,Male,Rev,79,2.8807,1389300717
446,Gareth,Wasling,gwaslingcd@privacy.gov.au,Male,Rev,33,3.4291,1487477716
447,Edita,Vidyapin,evidyapince@columbia.edu,Female,Honorable,27,2.0529,1290778089
448,Binny,Shelley,bshelleycf@spiegel.de,Female,Rev,49,2.5072,1326806946
449,Zenia,Wackley,zwackleycg@cargocollective.com,Female,Ms,25,3.4837,1452148152
450,Madeleine,De Souza,mdesouzach@taobao.com,Female,Rev,49,4.7028,1373392888
451,Dorthy,Manterfield,dmanterfieldci@macromedia.com,Female,Ms,31,2.144,1340874539
452,Adriena,Cardenas,acardenascj@arstechnica.com,Female,Ms,37,0.2751,1353559848
453,Niel,Kornalik,nkornalikck@home.pl,Male,Mrs,22,2.2173,1455796520
454,Susana,Stading,sstadingcl@yandex.ru,Female,Ms,50,2.4545,1471655552
455,Carey,Tewkesbury,ctewkesburycm@squarespace.com,Male,Rev,26,1.003,1305034387
456,Rozele,Waywell,rwaywellcn@nationalgeographic.com,Female,Mrs,78,0.1487,1280944448
457,Elfrida,Maclean,emacleanco@seattletimes.com,Female,Dr,68,1.0586,1489632456
458,Wally,Garwill,wgarwillcp@issuu.com,Male,Rev,61,0.0676,1268550673
459,Kean,Aguirrezabal,kaguirrezabalcq@google.ru,Male,Rev,56,1.4226,1394457529
460,Tucky,Clayworth,tclayworthcr@goo.ne.jp,Male,Rev,53,4.6525,1445747889
461,Pepillo,Rummins,prumminscs@cbc.ca,Male,Honorable,54,0.5181,1378048049
462,Percival,Sarl,psarlct@jimdo.com,Male,Rev,57,1.6223,1483605965
463,Earvin,Thorrold,ethorroldcu@hibu.com,Male,Honorable,58,1.4393,1415504738
464,Jamill,McKenny,jmckennycv@wunderground.com,Male,Mr,77,2.3802,1402768363
465,Marcello,Spelwood,mspelwoodcw@hibu.com,Male,Mr,75,2.9618,1482501384
466,Tisha,Oris,toriscx@hp.com,Female,Rev,28,2.3099,1340656190
467,Jarrett,Pynner,jpynnercy@opensource.org,Male,Mr,26,4.1363,1422012961
468,Valentijn,Marsham,vmarshamcz@stanford.edu,Male,Mrs,38,0.7868,1318356238
469,Rea,Harman,rharmand0@zimbio.com,Female,Dr,73,3.0534,1312925434
470,Rosemonde,Claffey,rclaffeyd1@discuz.net,Female,Dr,74,3.8921,1442610879
471,Lance,Dibbe,ldibbed2@goo.gl,Male,Honorable,32,1.1653,1340250359
472,Malva,Beadnell,mbeadnelld3@theglobeandmail.com,Female,Honorable,43,2.3633,1467898758
473,Robbie,Rubinov,rrubinovd4@naver.com,Male,Mr,24,2.0935,1277379933
474,Jayme,le Keux,jlekeuxd5@webnode.com,Female,Ms,60,3.8181,1492911332
475,Leanor,Baptist,lbaptistd6@posterous.com,Female,Mrs,17,1.8649,1329916692
476,Sallyann,Flintoff,sflintoffd7@ycombinator.com,Female,Mrs,46,2.4061,1336942748
477,Lyman,Overthrow,loverthrowd8@apache.org,Male,Dr,48,4.8387,1283724763
478,Osmond,Landor,olandord9@edublogs.org,Male,Mrs,20,1.3718,1430920772
479,Benjamen,Haydney,bhaydneyda@google.fr,Male,Honorable,80,4.2966,1485930583
480,Hinze,Fosbraey,hfosbraeydb@usda.gov,Male,Dr,70,0.7117,1311762650
481,Kerwin,Blowfelde,kblowfeldedc@flickr.com,Male,Ms,46,4.6206,1372122417
482,Lion,Peyntue,lpeyntuedd@cornell.edu,Male,Mrs,40,1.793,1405864401
483,Ware,Liston,wlistonde@patch.com,Male,Ms,62,1.0237,1370666580
484,Hope,Yersin,hyersindf@nhs.uk,Female,Mr,22,1.8126,1489101459
485,Carlota,Rollett,crollettdg@admin.ch,Female,Honorable,33,1.471,1435414037
486,Consalve,Bamlett,cbamlettdh@bizjournals.com,Male,Dr,22,0.7096,1327015498
487,Saree,Greenlies,sgreenliesdi@miitbeian.gov.cn,Female,Mr,20,3.2203,1266717660
488,Erin,Rieger,eriegerdj@ovh.net,Female,Mr,71,4.7406,1380752275
489,Goldia,Snap,gsnapdk@cocolog-nifty.com,Female,Mr,55,2.0634,1469504424
490,Garald,Vlasov,gvlasovdl@noaa.gov,Male,Dr,30,3.8538,1486038493
491,Isaiah,Izakson,iizaksondm@microsoft.com,Male,Rev,50,0.5999,1347467181
492,Flynn,Epilet,fepiletdn@exblog.jp,Male,Mr,73,4.4994,1354716447
493,Anitra,Deer,adeerdo@nih.gov,Female,Ms,56,2.1459,1332426657
494,Naomi,Coch,ncochdp@studiopress.com,Female,Rev,68,2.8057,1417753456
495,Damara,Lillow,dlillowdq@shinystat.com,Female,Honorable,31,0.0895,1367066642
496,Jesse,Terbeek,jterbeekdr@theatlantic.com,Female,Rev,43,3.5261,1378241964
497,Shannon,Llewellyn,sllewellynds@cafepress.com,Male,Honorable,24,2.0058,1276559022
498,Margaretha,Rorke,mrorkedt@blinklist.com,Female,Mr,55,0.9935,1376311198
499,Pen,Norway,pnorwaydu@intel.com,Male,Mrs,31,0.529,1491130468
500,Correy,Mace,cmacedv@jugem.jp,Male,Mr,76,4.9311,1367090546
501,Kasey,McClintock,kmcclintockdw@ovh.net,Female,Rev,73,4.5397,1492924002
502,Cassaundra,Briereton,cbrieretondx@devhub.com,Female,Mr,17,2.0592,1475813082
503,Shay,Burbage,sburbagedy@technorati.com,Male,Rev,64,4.5506,1433435507
504,Albertine,Beardwell,abeardwelldz@g.co,Female,Ms,66,0.1091,1387414707
505,Corie,Motton,cmottone0@4shared.com,Female,Dr,52,1.998,1288394743
506,Letisha,Messent,lmessente1@tamu.edu,Female,Ms,53,0.8758,1315202376
507,Gnni,Drowsfield,gdrowsfielde2@uiuc.edu,Female,Dr,33,0.1909,1366991242
508,Sigismundo,Cuxson,scuxsone3@howstuffworks.com,Male,Rev,66,3.8683,1388856382
509,Inigo,Wathall,iwathalle4@4shared.com,Male,Rev,45,2.4089,1465782376
510,Natalie,Simone,nsimonee5@e-recht24.de,Female,Ms,68,2.6511,1464651388
511,Nicoline,Laborda,nlabordae6@example.com,Female,Mr,29,3.4968,1389457351
512,Arlie,Dybell,adybelle7@qq.com,Female,Mr,33,3.7436,1479075615
513,Broderick,Elford,belforde8@taobao.com,Male,Ms,69,3.2869,1307823014
514,Titus,O'Corrigane,tocorriganee9@cdbaby.com,Male,Ms,67,0.1532,1380565040
515,Dionisio,Fozard,dfozardea@vinaora.com,Male,Rev,36,3.3119,1424174319
516,Agnella,Emlyn,aemlyneb@freewebs.com,Female,Rev,57,3.095,1319644730
517,Yance,Gobeau,ygobeauec@ox.ac.uk,Male,Ms,55,1.901,1322620210
518,Celestyna,Rebichon,crebichoned@springer.com,Female,Mrs,52,0.3966,1372157668
519,Warner,Parncutt,wparncuttee@timesonline.co.uk,Male,Mr,49,0.1479,1370985726
520,Alfredo,Tuffield,atuffieldef@timesonline.co.uk,Male,Ms,53,0.0287,1446272916
521,Juieta,Sebring,jsebringeg@nbcnews.com,Female,Ms,54,4.2431,1491443829
522,Nestor,Wheal,nwhealeh@yellowbook.com,Male,Dr,36,3.0607,1406110033
523,Ester,Renols,erenolsei@shutterfly.com,Female,Rev,28,4.2726,1408903948
524,Kath,Farlamb,kfarlambej@networksolutions.com,Female,Mrs,31,1.2554,1329112950
525,Kirby,Linsey,klinseyek@wordpress.org,Male,Honorable,61,2.7559,1385819595
526,Roanne,Colbourne,rcolbourneel@friendfeed.com,Female,Rev,38,1.6655,1329381953
527,Norri,Linzey,nlinzeyem@rakuten.co.jp,Female,Ms,76,4.3609,1463507519
528,Flor,Dinsell,fdinsellen@ehow.com,Female,Rev,72,4.4754,1293562201
529,Christabella,De Clairmont,cdeclairmonteo@comsenz.com,Female,Mr,21,2.9939,1285162383
530,Kerstin,Kuhnwald,kkuhnwaldep@geocities.com,Female,Rev,19,2.8314,1482761611
531,Patrice,Penbarthy,ppenbarthyeq@canalblog.com,Female,Rev,53,3.5445,1347438132
532,Babbie,Salmon,bsalmoner@kickstarter.com,Female,Honorable,78,1.2938,1495808989
533,Kiele,Patey,kpateyes@google.cn,Female,Rev,59,0.4845,1305295912
534,Britni,Moreside,bmoresideet@google.nl,Female,Rev,27,1.1446,1277685994
535,Dedie,Reidie,dreidieeu@feedburner.com,Female,Rev,41,4.471,1390070621
536,Vivian,Oury,vouryev@imdb.com,Female,Mrs,33,2.0056,1286766889
537,Anabella,Llopis,allopisew@oakley.com,Female,Dr,48,4.479,1408424063
538,Ezra,Dows,edowsex@ucla.edu,Male,Dr,26,4.7921,1451962901
539,Allard,Lebourn,alebourney@so-net.ne.jp,Male,Mrs,20,4.9898,1314289110
540,Harbert,Dubs,hdubsez@virginia.edu,Male,Ms,55,4.2612,1405601474
541,Sutherlan,Kuhn,skuhnf0@taobao.com,Male,Ms,19,2.2177,1440763928
542,Melvyn,Takis,mtakisf1@cdc.gov,Male,Dr,67,1.3252,1456724016
543,Micheal,McIlriach,mmcilriachf2@usnews.com,Male,Rev,24,2.9364,1422425611
544,Shaine,Cecely,scecelyf3@goo.gl,Male,Dr,69,3.0591,1300918716
545,Gabbi,Derle,gderlef4@jugem.jp,Female,Dr,80,0.3904,1392929180
546,Trumaine,Farlowe,tfarlowef5@typepad.com,Male,Mrs,61,0.423,1389418009
547,Jennette,Humbatch,jhumbatchf6@bloglines.com,Female,Honorable,33,0.0812,1294268128
548,Valaree,Smerdon,vsmerdonf7@topsy.com,Female,Ms,41,1.6805,1393717428
549,Saleem,Gwatkins,sgwatkinsf8@loc.gov,Male,Honorable,75,4.1926,1463574676
550,Thane,Element,telementf9@tinypic.com,Male,Ms,70,1.6649,1479478424
551,Gerardo,Twigley,gtwigleyfa@umich.edu,Male,Rev,39,0.1336,1386407896
552,Errol,Covotti,ecovottifb@dailymail.co.uk,Male,Rev,51,0.4222,1441727720
553,Hillard,Runnacles,hrunnaclesfc@springer.com,Male,Dr,56,3.9654,1457451219
554,Justen,Petrou,jpetroufd@meetup.com,Male,Honorable,17,1.1196,1334744328
555,Teodora,Hefferan,thefferanfe@photobucket.com,Female,Honorable,41,1.5369,1289984231
556,Bendite,Dyka,bdykaff@sciencedaily.com,Female,Dr,28,3.8176,1414131901
557,Saunder,MacClancey,smacclanceyfg@blogger.com,Male,Mr,69,3.7534,1303440770
558,Jard,Drust,jdrustfh@answers.com,Male,Honorable,69,1.6352,1381559342
559,Madeline,McTrustey,mmctrusteyfi@instagram.com,Female,Rev,43,1.9694,1433967571
560,Mel,Purkess,mpurkessfj@google.com.hk,Female,Rev,50,4.7962,1346974225
561,Annis,Hirthe,ahirthefk@hugedomains.com,Female,Rev,64,3.9549,1305399482
562,Beale,Skaife,bskaifefl@slate.com,Male,Ms,79,0.1629,1393033227
563,Clare,Firpi,cfirpifm@utexas.edu,Male,Mrs,54,3.5616,1423047102
564,Jenn,Itzhaiek,jitzhaiekfn@gravatar.com,Female,Mr,74,0.1465,1391276605
565,Cully,Crighten,ccrightenfo@taobao.com,Male,Ms,24,2.5814,1434104212
566,Felice,Youthed,fyouthedfp@twitter.com,Female,Ms,41,0.7734,1364141438
567,Lilli,Bultitude,lbultitudefq@ehow.com,Female,Mr,30,3.7074,1268047396
568,Elizabet,Lowles,elowlesfr@macromedia.com,Female,Dr,59,0.3265,1392854850
569,Rockie,Marrian,rmarrianfs@cam.ac.uk,Male,Rev,78,2.4157,1360248444
570,Gun,Waddingham,gwaddinghamft@nhs.uk,Male,Dr,51,3.7411,1384231748
571,Karlens,Blackbrough,kblackbroughfu@columbia.edu,Male,Dr,47,0.2121,1374930205
572,Celina,Whiting,cwhitingfv@ovh.net,Female,Mr,61,0.6209,1303569748
573,Farr,Devall,fdevallfw@sciencedaily.com,Male,Mr,75,2.7336,1469473212
574,Frederique,Showler,fshowlerfx@alibaba.com,Female,Honorable,49,1.4259,1305209958
575,Birk,Coventry,bcoventryfy@printfriendly.com,Male,Mr,18,3.6603,1485681824
576,Caprice,Siveter,csiveterfz@amazon.de,Female,Dr,34,4.8137,1327781202
577,Jacqueline,Shillom,jshillomg0@aboutads.info,Female,Ms,74,2.4538,1392964347
578,Virgil,Codi,vcodig1@go.com,Male,Rev,75,1.2649,1427346835
579,Allen,Farrin,afarring2@opera.com,Male,Mrs,66,2.5207,1306950376
580,Bradney,Brightling,bbrightlingg3@indiatimes.com,Male,Mr,44,1.6222,1472520958
581,Nikos,Walentynowicz,nwalentynowiczg4@moonfruit.com,Male,Rev,43,3.3726,1308368763
582,Rossie,Robun,rrobung5@tamu.edu,Male,Dr,22,3.7297,1296837227
583,Dickie,Hutable,dhutableg6@google.ca,Male,Rev,76,4.7882,1319778412
584,Bary,Peabody,bpeabodyg7@samsung.com,Male,Mr,62,4.0602,1273648106
585,Zack,Zamora,zzamorag8@webnode.com,Male,Rev,25,0.427,1279386636
586,Stacie,Isacsson,sisacssong9@theglobeandmail.com,Female,Honorable,45,0.7217,1444594622
587,Merell,Kondratenko,mkondratenkoga@blogspot.com,Male,Rev,27,2.1822,1417909254
588,Terry,Manicomb,tmanicombgb@comsenz.com,Female,Dr,80,2.8778,1349885983
589,Gil,Moreton,gmoretongc@joomla.org,Male,Dr,38,1.252,1419899021
590,Pauletta,Palombi,ppalombigd@domainmarket.com,Female,Ms,53,1.7176,1280181220
591,Esmaria,Clears,eclearsge@netlog.com,Female,Rev,20,1.9518,1301733326
592,Hanson,Cazin,hcazingf@ed.gov,Male,Mrs,30,0.7377,1361151732
593,Imogene,Cullnean,icullneangg@senate.gov,Female,Mrs,71,3.1003,1460788679
594,Ophelia,Tumbridge,otumbridgegh@ning.com,Female,Honorable,21,4.364,1357067463
595,Willard,Walsh,wwalshgi@google.com.br,Male,Mrs,73,3.0823,1364231252
596,Forest,Struijs,fstruijsgj@usgs.gov,Male,Dr,19,1.5697,1296798790
597,Erminia,Jerzykiewicz,ejerzykiewiczgk@gizmodo.com,Female,Mr,62,1.3946,1365781873
598,Katerina,Fishbourne,kfishbournegl@google.cn,Female,Mrs,71,4.4644,1437035509
599,Ashbey,Eighteen,aeighteengm@canalblog.com,Male,Dr,35,1.4789,1277228870
600,Lucila,Gregon,lgregongn@mysql.com,Female,Mrs,55,3.746,1360215320
601,Dar,Coltart,dcoltartgo@wikispaces.com,Male,Rev,33,0.5282,1278637974
602,Lindsy,Etchell,letchellgp@reverbnation.com,Female,Ms,67,3.2116,1292769068
603,Lenora,Orsi,lorsigq@discuz.net,Female,Mrs,57,4.9491,1286561775
604,Prentice,Syrad,psyradgr@youku.com,Male,Honorable,27,0.2227,1445152706
605,Broddy,Wale,bwalegs@yellowpages.com,Male,Ms,65,0.8211,1361696902
606,Werner,Pariss,wparissgt@uol.com.br,Male,Rev,77,3.448,1371393000
607,Gayel,Esel,geselgu@ibm.com,Female,Rev,70,0.6302,1323881498
608,Artemus,Carnie,acarniegv@etsy.com,Male,Rev,44,4.8834,1431150879
609,Nikolai,Harraway,nharrawaygw@comcast.net,Male,Dr,69,0.6823,1321832706
610,Adrianna,McGibbon,amcgibbongx@shutterfly.com,Female,Rev,20,1.2811,1374640270
611,Arlyne,Hollow,ahollowgy@jalbum.net,Female,Mrs,34,3.4548,1345998572
612,Karney,Labone,klabonegz@sfgate.com,Male,Honorable,61,4.3935,1480458845
613,David,Northeast,dnortheasth0@si.edu,Male,Ms,61,3.5242,1415498844
614,Nalani,Whartonby,nwhartonbyh1@instagram.com,Female,Mr,17,4.3532,1455544878
615,Osbourn,Drable,odrableh2@techcrunch.com,Male,Mrs,63,3.7762,1442349437
616,Corenda,Cristoforo,ccristoforoh3@japanpost.jp,Female,Rev,21,3.3449,1410148798
617,Valencia,Keedy,vkeedyh4@howstuffworks.com,Female,Honorable,37,0.4299,1301354192
618,Fawne,Bellworthy,fbellworthyh5@ehow.com,Female,Rev,50,4.3158,1380352747
619,Darren,O'Regan,doreganh6@patch.com,Male,Ms,17,2.3901,1446449203
620,Zeke,Misk,zmiskh7@utexas.edu,Male,Honorable,30,1.3878,1315991920
621,Dominik,Storer,dstorerh8@deviantart.com,Male,Mrs,78,4.6389,1402387357
622,Kalil,Altofts,kaltoftsh9@wikimedia.org,Male,Rev,73,0.6201,1363946937
623,Quintana,Elgram,qelgramha@hc360.com,Female,Mrs,17,0.6783,1391933863
624,Ximenez,Longhi,xlonghihb@typepad.com,Male,Rev,42,0.0471,1403246604
625,Menard,Hoyte,mhoytehc@columbia.edu,Male,Mrs,60,4.4646,1460032958
626,Leandra,Bartrop,lbartrophd@hhs.gov,Female,Ms,25,4.2513,1319382358
627,Berny,Brownsmith,bbrownsmithhe@wiley.com,Male,Ms,67,0.896,1477096922
628,Lesley,Jozsa,ljozsahf@histats.com,Male,Mr,61,1.2168,1479685688
629,Cyrus,Allnutt,callnutthg@ox.ac.uk,Male,Mrs,39,2.3511,1459092187
630,Winni,Goter,wgoterhh@fda.gov,Female,Mrs,80,3.2097,1395045933
631,Mahmoud,Gravener,mgravenerhi@independent.co.uk,Male,Mrs,56,0.8961,1377829553
632,Quinn,Lowrie,qlowriehj@issuu.com,Female,Honorable,78,1.6194,1302875182
633,Chrissy,Flescher,cflescherhk@google.com,Female,Dr,51,4.4041,1332710940
634,Pincas,Cardenosa,pcardenosahl@simplemachines.org,Male,Rev,75,2.8483,1316753434
635,Bryn,Bank,bbankhm@accuweather.com,Female,Ms,64,1.4855,1278206005
636,Zebedee,Fortman,zfortmanhn@thetimes.co.uk,Male,Mr,54,3.4446,1435735826
637,Jackson,Kenzie,jkenzieho@myspace.com,Male,Ms,27,0.8674,1317326569
638,Finlay,Cowlard,fcowlardhp@ucoz.com,Male,Mrs,27,2.1756,1314942147
639,Kalinda,Mor,kmorhq@vimeo.com,Female,Dr,24,1.6221,1426921027
640,Gabriella,Willcock,gwillcockhr@imdb.com,Female,Honorable,42,1.0216,1387112652
641,Regan,Sabin,rsabinhs@cnet.com,Female,Rev,60,1.7074,1327509148
642,Devon,Brahams,dbrahamsht@a8.net,Female,Dr,19,1.7347,1414589193
643,Myrtia,Avramovsky,mavramovskyhu@xinhuanet.com,Female,Mrs,60,4.2895,1309536581
644,Marvin,Swainger,mswaingerhv@archive.org,Male,Mrs,71,1.4445,1382876805
645,Petronille,Steljes,psteljeshw@nps.gov,Female,Mrs,40,0.6421,1338182922
646,Nessy,Gannicleff,ngannicleffhx@unesco.org,Female,Honorable,28,1.8647,1277438691
647,Sherwood,Horder,shorderhy@bloglines.com,Male,Mr,48,3.3122,1332527535
648,Mathe,Dedon,mdedonhz@vimeo.com,Male,Dr,65,4.9715,1476608588
649,Archibold,Usherwood,ausherwoodi0@bing.com,Male,Rev,33,0.1662,1467866206
650,Olly,Betham,obethami1@ibm.com,Female,Mr,26,2.3734,1408797216
651,Gerry,Swaile,gswailei2@washington.edu,Male,Dr,35,4.116,1406779568
652,Alexandre,Brockhurst,abrockhursti3@cyberchimps.com,Male,Mr,59,1.8001,1299712744
653,Burlie,Hegarty,bhegartyi4@jimdo.com,Male,Mr,40,4.654,1407391216
654,Samantha,Parfett,sparfetti5@oracle.com,Female,Mr,53,4.5726,1345447714
655,Mattie,Derisly,mderislyi6@cmu.edu,Male,Mrs,23,2.8875,1313314259
656,Morlee,Chaudron,mchaudroni7@123-reg.co.uk,Male,Dr,35,1.9397,1304514448
657,Nessi,Risbridger,nrisbridgeri8@senate.gov,Female,Mrs,21,3.5755,1457920190
658,Reuven,Chiese,rchiesei9@guardian.co.uk,Male,Dr,23,2.9439,1309052717
659,Maye,D'Antuoni,mdantuoniia@cargocollective.com,Female,Dr,19,3.5447,1400773266
660,Sammy,Bubbings,sbubbingsib@omniture.com,Female,Rev,19,1.7959,1474507498
661,Nanice,Lentsch,nlentschic@t-online.de,Female,Honorable,32,4.7508,1492308616
662,Jeremiah,Rawlyns,jrawlynsid@msu.edu,Male,Rev,31,2.9813,1356029559
663,Johanna,Cutchie,jcutchieie@sphinn.com,Female,Mr,39,3.4894,1463693918
664,Troy,Yakushkev,tyakushkevif@marriott.com,Male,Mrs,69,3.1489,1271469932
665,Thatch,Sorsby,tsorsbyig@mediafire.com,Male,Dr,70,3.07,1336194788
666,Cullie,Letterick,cletterickih@seesaa.net,Male,Rev,41,1.8349,1490951518
667,Gaelan,Hartzenberg,ghartzenbergii@earthlink.net,Male,Honorable,52,3.7273,1484515259
668,Karylin,Speechley,kspeechleyij@1und1.de,Female,Mr,26,1.3933,1441727985
669,Kennie,Cropper,kcropperik@odnoklassniki.ru,Male,Mr,68,2.9529,1282119127
670,Windy,Buchan,wbuchanil@myspace.com,Female,Honorable,40,0.683,1366243181
671,Ruthi,Piatti,rpiattiim@marriott.com,Female,Honorable,23,3.0067,1347393919
672,Grant,Elleton,gelletonin@msu.edu,Male,Ms,22,1.7136,1273392488
673,Gardiner,Bradly,gbradlyio@creativecommons.org,Male,Mr,60,0.7269,1294733978
674,Evered,Slowan,eslowanip@posterous.com,Male,Honorable,69,2.1515,1495489776
675,Latia,Voden,lvodeniq@shinystat.com,Female,Dr,22,1.193,1273216224
676,Evita,Joscelin,ejoscelinir@1688.com,Female,Rev,43,3.7181,1336115599
677,Mindy,Siburn,msiburnis@arizona.edu,Female,Mr,54,2.2738,1411205544
678,Blondell,Siehard,bsiehardit@blinklist.com,Female,Mrs,55,3.9551,1389157198
679,Felicdad,Haysey,fhayseyiu@icio.us,Female,Mrs,50,1.0083,1491990734
680,Barnabas,Kirwan,bkirwaniv@unicef.org,Male,Rev,42,0.8426,1437151585
681,Judd,Corden,jcordeniw@behance.net,Male,Ms,34,2.9458,1273844084
682,Mellisa,Hankins,mhankinsix@qq.com,Female,Mr,64,1.5484,1351199193
683,Paddy,Cripin,pcripiniy@cmu.edu,Male,Dr,21,0.5412,1400494822
684,Worthy,Kanzler,wkanzleriz@nytimes.com,Male,Dr,55,0.7252,1444245423
685,Ethelin,Ashfold,eashfoldj0@cmu.edu,Female,Ms,72,1.0105,1401040321
686,Nina,Eisak,neisakj1@earthlink.net,Female,Rev,32,4.3385,1485356175
687,Jimmy,Gorick,jgorickj2@freewebs.com,Male,Rev,47,0.6732,1389941374
688,Zorina,Sempill,zsempillj3@163.com,Female,Mrs,52,3.7669,1292708195
689,Baldwin,Broxup,bbroxupj4@va.gov,Male,Honorable,46,3.2256,1423103631
690,Julianna,Aireton,jairetonj5@yahoo.com,Female,Honorable,75,3.0092,1328006397
691,Tessy,Loving,tlovingj6@yellowpages.com,Female,Dr,22,4.5225,1434203076
692,Killian,Denkin,kdenkinj7@skyrock.com,Male,Mr,25,3.3051,1371933334
693,Arron,Loosley,aloosleyj8@whitehouse.gov,Male,Mr,51,1.8757,1268504321
694,Moria,O'Garmen,mogarmenj9@cnet.com,Female,Ms,73,4.3225,1437855794
695,Addia,Coffee,acoffeeja@is.gd,Female,Mrs,60,4.93,1460484939
696,Kath,Mullins,kmullinsjb@soup.io,Female,Ms,17,2.9997,1370126055
697,Nikoletta,Pollastrino,npollastrinojc@dedecms.com,Female,Dr,49,3.6345,1351771253
698,Barbabas,Izkovitz,bizkovitzjd@mashable.com,Male,Mr,67,4.3272,1350736068
699,Harley,Pohl,hpohlje@ed.gov,Female,Mr,59,1.7002,1408611082
700,Dolf,Clemmens,dclemmensjf@fotki.com,Male,Honorable,45,0.4843,1451129698
701,Vasili,Abelovitz,vabelovitzjg@sina.com.cn,Male,Mr,66,2.038,1444374937
702,Malanie,Serrell,mserrelljh@woothemes.com,Female,Rev,19,1.6096,1362554381
703,Adah,Sexti,asextiji@ning.com,Female,Ms,19,1.3177,1284626577
704,Kendrick,Boribal,kboribaljj@tinypic.com,Male,Honorable,67,4.2654,1265074076
705,Ogdon,Goves,ogovesjk@netvibes.com,Male,Mrs,36,1.6747,1454100333
706,Claiborn,Grinishin,cgrinishinjl@netvibes.com,Male,Mr,71,4.4822,1302302709
707,Raymond,Liddiatt,rliddiattjm@slideshare.net,Male,Mrs,54,2.5152,1480825609
708,Cherey,Cockshut,ccockshutjn@bloglovin.com,Female,Dr,49,0.0826,1392383995
709,Boris,Cattemull,bcattemulljo@forbes.com,Male,Dr,32,1.9887,1460055407
710,Nathanael,Cranny,ncrannyjp@mac.com,Male,Ms,17,3.5649,1286569253
711,Brigit,Swalteridge,bswalteridgejq@phoca.cz,Female,Ms,20,2.6972,1271627811
712,Kania,McQuillin,kmcquillinjr@ovh.net,Female,Mr,58,1.3039,1442585254
713,Ferris,Antognelli,fantognellijs@cdc.gov,Male,Honorable,26,3.4202,1327973231
714,Karia,Ditchfield,kditchfieldjt@goodreads.com,Female,Dr,72,1.8824,1477374536
715,Dwain,Tanslie,dtanslieju@ifeng.com,Male,Mrs,61,0.6806,1494262260
716,Feliks,Siggee,fsiggeejv@lycos.com,Male,Rev,24,2.7253,1380863978
717,Lothaire,Dugald,ldugaldjw@tinyurl.com,Male,Mrs,17,3.0154,1480219734
718,Irwin,Hardingham,ihardinghamjx@clickbank.net,Male,Mr,18,1.4106,1475251728
719,Theodora,Orchard,torchardjy@de.vu,Female,Dr,66,1.8841,1483046520
720,Saul,Gurrado,sgurradojz@123-reg.co.uk,Male,Mr,31,0.4751,1362126325
721,Mylo,Lappin,mlappink0@pen.io,Male,Rev,18,0.3058,1420079803
722,Hughie,Coard,hcoardk1@is.gd,Male,Mrs,73,2.915,1413458681
723,Rhett,Carling,rcarlingk2@biglobe.ne.jp,Male,Mrs,55,0.2696,1464129905
724,Thorvald,Chaytor,tchaytork3@weather.com,Male,Dr,23,4.5992,1437843368
725,Geraldine,Twallin,gtwallink4@shop-pro.jp,Female,Mrs,29,1.6187,1449811923
726,Asher,Stowers,astowersk5@foxnews.com,Male,Dr,73,0.0678,1282626536
727,Catina,McQuilkin,cmcquilkink6@about.com,Female,Dr,76,1.8171,1349539916
728,Bambi,Dulson,bdulsonk7@java.com,Female,Ms,48,2.3077,1372616721
729,Pen,Prose,pprosek8@redcross.org,Female,Mr,70,0.7677,1467813371
730,Farlie,Govey,fgoveyk9@oakley.com,Male,Mrs,66,3.5665,1283036084
731,Susy,Steckings,ssteckingska@t-online.de,Female,Ms,77,3.5288,1378032016
732,Salaidh,Gush,sgushkb@zdnet.com,Female,Mr,19,2.647,1446086975
733,Guillema,Blogg,gbloggkc@cdc.gov,Female,Honorable,36,0.6281,1430354531
734,Arlee,Southam,asouthamkd@baidu.com,Female,Dr,57,2.2909,1377544610
735,Jessica,Avon,javonke@cnbc.com,Female,Mrs,60,2.9943,1418405694
736,Modestia,Garrat,mgarratkf@imageshack.us,Female,Mr,38,3.2093,1449241659
737,Shelton,Hannabuss,shannabusskg@ocn.ne.jp,Male,Mrs,50,0.732,1286025028
738,Oriana,Cahalan,ocahalankh@nps.gov,Female,Ms,29,3.3539,1278722092
739,Nero,Drage,ndrageki@columbia.edu,Male,Rev,22,2.4555,1334589704
740,Alisa,O'Hone,aohonekj@myspace.com,Female,Ms,52,3.0327,1426722075
741,Daniel,Strainge,dstraingekk@feedburner.com,Male,Mrs,76,1.8523,1310232648
742,Merlina,Freshwater,mfreshwaterkl@artisteer.com,Female,Ms,36,0.0163,1449386944
743,Jeanie,Ofener,jofenerkm@t.co,Female,Ms,74,2.3055,1406279290
744,Caesar,Washbrook,cwashbrookkn@skype.com,Male,Mrs,59,2.538,1462672964
745,Bart,Bootell,bbootellko@1und1.de,Male,Rev,75,0.6596,1349640015
746,Adorne,Aizikowitz,aaizikowitzkp@cyberchimps.com,Female,Mr,25,0.4381,1422280393
747,Morgana,Lindenstrauss,mlindenstrausskq@tripadvisor.com,Female,Rev,70,4.166,1270512302
748,Fairfax,Pavinese,fpavinesekr@diigo.com,Male,Ms,40,1.2428,1280269535
749,Haroun,Goscomb,hgoscombks@hubpages.com,Male,Mrs,35,1.1137,1407869323
750,Bettina,MacKeague,bmackeaguekt@cargocollective.com,Female,Dr,17,0.3733,1280782607
751,Ferris,Cadalleder,fcadallederku@sfgate.com,Male,Honorable,69,0.6452,1290652778
752,Vassily,Sulley,vsulleykv@shareasale.com,Male,Dr,26,1.3443,1480351122
753,Buffy,Hooke,bhookekw@google.com.br,Female,Rev,61,3.1199,1267510631
754,Frieda,Pretley,fpretleykx@bloglines.com,Female,Honorable,44,0.0157,1349527086
755,Cris,Brettle,cbrettleky@youtube.com,Male,Honorable,40,4.0392,1356307541
756,Reynard,Theodore,rtheodorekz@mozilla.com,Male,Dr,28,0.0197,1328822203
757,Aarika,Jaskiewicz,ajaskiewiczl0@auda.org.au,Female,Ms,77,3.8132,1463606471
758,Irvin,Catley,icatleyl1@canalblog.com,Male,Honorable,32,1.6483,1285310998
759,Harlin,Utteridge,hutteridgel2@thetimes.co.uk,Male,Mrs,78,2.6546,1338257235
760,Jerome,Ferras,jferrasl3@mayoclinic.com,Male,Dr,26,2.3881,1366875033
761,Isidore,Munkley,imunkleyl4@tamu.edu,Male,Ms,28,2.5801,1447484643
762,Alecia,Harvett,aharvettl5@samsung.com,Female,Mr,67,1.2929,1462960353
763,Leilah,Riglesford,lriglesfordl6@bbb.org,Female,Mrs,59,2.2804,1283835182
764,Isabeau,Pidgeley,ipidgeleyl7@wikipedia.org,Female,Honorable,79,4.4399,1292679781
765,Kali,Bedin,kbedinl8@marketwatch.com,Female,Ms,69,3.5743,1464341539
766,Silvanus,Benneyworth,sbenneyworthl9@mtv.com,Male,Mr,61,1.2172,1409529611
767,Tallulah,Willford,twillfordla@mozilla.com,Female,Mrs,73,0.2113,1452358898
768,Curtice,Braznell,cbraznelllb@diigo.com,Male,Dr,63,1.874,1290994010
769,Arda,Chasles,achasleslc@washingtonpost.com,Female,Honorable,36,1.5075,1287850501
770,Cheslie,Crankshaw,ccrankshawld@ftc.gov,Female,Honorable,66,2.5102,1375058156
771,Christoper,Tamplin,ctamplinle@unblog.fr,Male,Dr,67,0.3258,1392411195
772,Jake,Pedley,jpedleylf@yale.edu,Male,Rev,64,3.7214,1414220153
773,Carmela,Keeney,ckeeneylg@taobao.com,Female,Ms,37,2.093,1420667524
774,Tami,Gillman,tgillmanlh@seattletimes.com,Female,Mr,71,1.4017,1290800283
775,Burg,Ingraham,bingrahamli@gravatar.com,Male,Mr,64,0.7916,1468039084
776,Brier,Pfeuffer,bpfeufferlj@a8.net,Female,Mr,56,4.7528,1382232087
777,Nertie,Gomez,ngomezlk@ifeng.com,Female,Rev,41,3.8383,1373316856
778,Mischa,Tommen,mtommenll@naver.com,Male,Rev,79,3.3487,1414733801
779,Emyle,Rabat,erabatlm@amazonaws.com,Female,Mrs,69,4.2499,1475614991
780,Demeter,Dyster,ddysterln@vkontakte.ru,Female,Honorable,64,1.1875,1295984596
781,Mathe,Wallicker,mwallickerlo@last.fm,Male,Ms,62,1.7099,1393492094
782,Griz,Dillistone,gdillistonelp@vkontakte.ru,Male,Rev,49,0.1857,1450031755
783,Gaby,Oboy,goboylq@nhs.uk,Female,Mr,67,3.0866,1379270167
784,Sybyl,Grewcock,sgrewcocklr@who.int,Female,Mr,45,3.2447,1485528848
785,Kessia,Lambricht,klambrichtls@dailymail.co.uk,Female,Rev,20,3.8795,1278660033
786,Simonette,Stormouth,sstormouthlt@constantcontact.com,Female,Dr,48,2.4757,1425133710
787,Giles,Romaynes,gromayneslu@github.io,Male,Rev,50,4.996,1341972570
788,Ted,Keeney,tkeeneylv@surveymonkey.com,Female,Mr,65,4.669,1423625900
789,Madlen,Kemet,mkemetlw@shutterfly.com,Female,Mrs,41,2.0181,1381855587
790,Thelma,McNay,tmcnaylx@oaic.gov.au,Female,Rev,44,0.1552,1284615002
791,Oates,Whellams,owhellamsly@istockphoto.com,Male,Ms,37,4.6801,1391847678
792,Hetti,Snowman,hsnowmanlz@cdc.gov,Female,Dr,78,2.4769,1279032009
793,Ingaborg,Jansson,ijanssonm0@reference.com,Female,Rev,69,1.3927,1317915845
794,Luelle,Kochel,lkochelm1@webs.com,Female,Ms,66,1.0571,1315239484
795,Egbert,Cusack,ecusackm2@com.com,Male,Rev,59,2.6288,1270343361
796,Sena,Minthorpe,sminthorpem3@skyrock.com,Female,Rev,34,1.2201,1331477383
797,Tanney,Doddrell,tdoddrellm4@zdnet.com,Male,Mrs,62,1.394,1414025991
798,Korie,Wackett,kwackettm5@cbsnews.com,Female,Mr,37,1.7889,1321773229
799,Carie,McComb,cmccombm6@mail.ru,Female,Mrs,79,3.7803,1271597078
800,Samuele,Hammerich,shammerichm7@altervista.org,Male,Rev,43,3.8908,1418259573
801,Mannie,Yushkov,myushkovm8@shutterfly.com,Male,Dr,27,4.5717,1425477500
802,Andonis,Aughton,aaughtonm9@ft.com,Male,Dr,58,2.634,1478029764
803,Pet,Draco,pdracoma@1und1.de,Female,Dr,44,3.8437,1411023861
804,Pat,Goodrick,pgoodrickmb@craigslist.org,Female,Ms,53,2.2027,1436407167
805,Whitby,Strettle,wstrettlemc@wiley.com,Male,Ms,29,4.9266,1440793328
806,Goraud,Bellefonte,gbellefontemd@artisteer.com,Male,Mrs,78,0.9877,1346261687
807,Leticia,Simister,lsimisterme@homestead.com,Female,Mr,34,3.302,1337344046
808,Emmett,Brazer,ebrazermf@blinklist.com,Male,Honorable,23,1.3878,1430545392
809,Jabez,Eccleshare,jecclesharemg@tamu.edu,Male,Ms,39,2.1764,1480018477
810,Neysa,Mateu,nmateumh@ebay.co.uk,Female,Mrs,66,2.3903,1457797276
811,Kania,Try,ktrymi@homestead.com,Female,Ms,76,3.4258,1292887927
812,Buck,Tothacot,btothacotmj@wikipedia.org,Male,Ms,42,1.8926,1491321840
813,Salaidh,Eck,seckmk@wikia.com,Female,Mr,32,1.1292,1431293484
814,Roselin,Monument,rmonumentml@cornell.edu,Female,Dr,35,1.4395,1302378099
815,Neda,Stoeck,nstoeckmm@cdbaby.com,Female,Ms,72,3.7612,1490144709
816,Haskel,Schubert,hschubertmn@tripadvisor.com,Male,Ms,44,0.458,1482951332
817,Neal,Cozzi,ncozzimo@nydailynews.com,Male,Ms,28,4.8914,1292000857
818,Robena,Clardge,rclardgemp@tripod.com,Female,Honorable,31,2.699,1486342796
819,Joseito,Whittock,jwhittockmq@europa.eu,Male,Dr,17,4.0541,1431382373
820,Dulcine,Marikhin,dmarikhinmr@parallels.com,Female,Ms,45,4.2549,1495758918
821,Colin,Kinde,ckindems@japanpost.jp,Male,Dr,33,4.1632,1317973519
822,Elisabeth,Gurnett,egurnettmt@telegraph.co.uk,Female,Honorable,22,4.5291,1344677538
823,Moss,Skews,mskewsmu@hud.gov,Male,Mr,80,2.9747,1420664445
824,Karole,Serrier,kserriermv@stanford.edu,Female,Ms,27,3.4954,1273642293
825,Rutherford,Strain,rstrainmw@amazon.co.jp,Male,Dr,23,1.6631,1494201915
826,Matteo,Earley,mearleymx@cornell.edu,Male,Honorable,53,0.6506,1487557653
827,Christy,Revelle,crevellemy@cisco.com,Female,Rev,27,1.5569,1436056690
828,Tyrone,Huggan,thugganmz@studiopress.com,Male,Mr,80,4.6662,1378437398
829,Angelika,Bockin,abockinn0@google.ru,Female,Honorable,33,1.5511,1299418184
830,Flory,Fiennes,ffiennesn1@nba.com,Female,Ms,57,1.6448,1437283711
831,Sonny,Streatfeild,sstreatfeildn2@irs.gov,Male,Mrs,73,2.8204,1406448612
832,Tadio,Moule,tmoulen3@jigsy.com,Male,Rev,71,2.919,1445246491
833,Eva,Serrels,eserrelsn4@usgs.gov,Female,Rev,73,3.771,1324820542
834,Anett,Freire,afreiren5@army.mil,Female,Ms,62,0.6147,1477539386
835,Meg,Hysom,mhysomn6@ocn.ne.jp,Female,Mr,47,4.9955,1300936536
836,Addison,Seville,asevillen7@ed.gov,Male,Mr,19,0.4684,1328219300
837,Hildegarde,Lauxmann,hlauxmannn8@clickbank.net,Female,Honorable,43,2.4955,1371826306
838,Tedie,Gillcrist,tgillcristn9@apache.org,Male,Ms,22,0.6429,1365656257
839,Jemmy,Barts,jbartsna@stumbleupon.com,Female,Dr,18,2.6848,1492938455
840,Sheila-kathryn,Eberdt,seberdtnb@ucoz.com,Female,Honorable,23,3.7348,1276196060
841,Norbert,Mayes,nmayesnc@rambler.ru,Male,Ms,48,4.8799,1288229437
842,Cobb,Maggi,cmaggind@phoca.cz,Male,Honorable,36,2.7996,1418405853
843,Constantia,Kimblen,ckimblenne@about.me,Female,Ms,40,1.8738,1476551535
844,Marcellus,Knutsen,mknutsennf@ihg.com,Male,Mrs,25,3.4747,1405329566
845,Anders,Solland,asollandng@timesonline.co.uk,Male,Dr,27,3.9572,1472516699
846,Erl,Chippindale,echippindalenh@discovery.com,Male,Rev,75,0.1814,1457629067
847,Heinrik,Matfin,hmatfinni@cafepress.com,Male,Mrs,57,3.3191,1422643118
848,Nicko,Rizzello,nrizzellonj@alexa.com,Male,Rev,49,0.9161,1338785363
849,Vale,Kelcher,vkelchernk@bloglovin.com,Female,Honorable,44,2.6573,1409389613
850,Gussy,Standering,gstanderingnl@mozilla.com,Female,Dr,78,4.9591,1378002146
851,Hallie,Mushet,hmushetnm@scribd.com,Female,Mrs,80,3.0886,1353491492
852,Ferguson,Beaman,fbeamannn@upenn.edu,Male,Rev,51,1.6158,1314766135
853,Lowrance,Henri,lhenrino@ucoz.ru,Male,Ms,42,4.1124,1408536080
854,Jillene,Aldersey,jalderseynp@harvard.edu,Female,Ms,45,2.3262,1361705395
855,Rex,Worsall,rworsallnq@geocities.jp,Male,Mr,31,3.7861,1268422737
856,Loise,Nutbean,lnutbeannr@smh.com.au,Female,Rev,40,4.3183,1278906560
857,Dene,Beston,dbestonns@soundcloud.com,Male,Mrs,55,4.9338,1401904043
858,Pavla,Holyard,pholyardnt@ow.ly,Female,Honorable,26,2.167,1349224242
859,Warner,Gilder,wgildernu@paypal.com,Male,Mr,74,1.0063,1288598125
860,Gail,Szabo,gszabonv@mlb.com,Female,Mrs,52,0.9268,1477947655
861,Jane,Van Giffen,jvangiffennw@state.tx.us,Female,Dr,64,1.145,1264836480
862,Wendy,Menlow,wmenlownx@cam.ac.uk,Female,Honorable,17,4.2351,1453752984
863,Kaila,Barts,kbartsny@disqus.com,Female,Honorable,59,2.3223,1287893851
864,Vevay,Rolse,vrolsenz@creativecommons.org,Female,Dr,30,1.6514,1423451348
865,Valry,Grimsell,vgrimsello0@springer.com,Female,Dr,70,2.1826,1405528759
866,Alysa,Oldacre,aoldacreo1@cpanel.net,Female,Ms,53,0.4224,1383201083
867,Martina,Josephy,mjosephyo2@nhs.uk,Female,Mrs,75,1.8404,1437787756
868,Ethelred,Boydon,eboydono3@kickstarter.com,Male,Honorable,47,0.7353,1331932705
869,Lonna,Slegg,lsleggo4@skype.com,Female,Mr,54,4.8359,1311707174
870,Faulkner,Kreutzer,fkreutzero5@seesaa.net,Male,Honorable,80,2.6713,1307394468
871,Sharron,Bradtke,sbradtkeo6@yahoo.co.jp,Female,Rev,42,3.068,1411950105
872,Andros,Billany,abillanyo7@harvard.edu,Male,Mr,36,3.297,1495821182
873,Aila,Swindells,aswindellso8@scribd.com,Female,Dr,29,0.2432,1267497713
874,Arabela,Tidder,atiddero9@hugedomains.com,Female,Mrs,36,2.5599,1316968508
875,Reg,Mardell,rmardelloa@dot.gov,Male,Ms,40,3.0986,1460894417
876,Ossie,Kingsmill,okingsmillob@nhs.uk,Male,Ms,70,1.5937,1469087763
877,Emalee,Tomes,etomesoc@fema.gov,Female,Mr,22,2.3934,1395322471
878,Alysa,Grayham,agrayhamod@diigo.com,Female,Mr,28,1.4511,1493126399
879,Arnold,Packe,apackeoe@usda.gov,Male,Honorable,80,0.8161,1346033162
880,Wilden,Hegley,whegleyof@wiley.com,Male,Rev,63,2.9788,1316051138
881,Ezmeralda,Buttrick,ebuttrickog@jiathis.com,Female,Honorable,20,1.0284,1464473494
882,Artemas,Roblin,aroblinoh@phoca.cz,Male,Honorable,62,4.0582,1484467575
883,Titos,Watkiss,twatkissoi@netvibes.com,Male,Ms,72,2.5802,1311992328
884,Melany,Murtell,mmurtelloj@cam.ac.uk,Female,Mrs,58,0.5086,1363324489
885,Dre,Fifoot,dfifootok@oracle.com,Female,Ms,28,0.6332,1348309470
886,Woody,De Gregoli,wdegregoliol@usatoday.com,Male,Dr,26,2.968,1297315106
887,Mortie,Reicherz,mreicherzom@dell.com,Male,Rev,45,4.9635,1405458432
888,Bryant,Zimek,bzimekon@wisc.edu,Male,Rev,17,0.0002,1381952470
889,Brett,Cornbill,bcornbilloo@zimbio.com,Female,Ms,61,1.5686,1485935873
890,Trescha,Checo,tchecoop@ow.ly,Female,Honorable,59,4.3307,1267627296
891,James,Iglesiaz,jiglesiazoq@live.com,Male,Mr,40,1.1956,1448202232
892,Kasper,Donkersley,kdonkersleyor@dailymotion.com,Male,Dr,23,1.338,1370213812
893,Jacob,Roseburgh,jroseburghos@feedburner.com,Male,Mrs,36,4.5798,1348171951
894,Martita,Laguerre,mlaguerreot@nbcnews.com,Female,Dr,35,3.8906,1397694576
895,Olenolin,Earey,oeareyou@1und1.de,Male,Mrs,42,0.0471,1286714823
896,Kipp,Lambourn,klambournov@wiley.com,Male,Mrs,54,2.6915,1411906065
897,Bianka,Richly,brichlyow@macromedia.com,Female,Mr,59,3.4223,1466394151
898,Ogdon,Minster,ominsterox@w3.org,Male,Honorable,79,3.6698,1333303583
899,Clementia,Style,cstyleoy@digg.com,Female,Dr,74,4.8841,1285174631
900,Cobb,Agostini,cagostinioz@eventbrite.com,Male,Mrs,65,4.9985,1389572984
901,Truman,Ferandez,tferandezp0@intel.com,Male,Ms,51,2.5453,1419327483
902,Bevan,Bickardike,bbickardikep1@squidoo.com,Male,Mrs,70,3.5788,1435222967
903,Arda,Gribble,agribblep2@psu.edu,Female,Mr,47,3.8233,1371378308
904,Janeen,McInerney,jmcinerneyp3@netscape.com,Female,Rev,47,0.5254,1303513745
905,Flory,Brawson,fbrawsonp4@ebay.com,Male,Mr,40,0.456,1273692193
906,Herman,Elsley,helsleyp5@pcworld.com,Male,Mr,67,3.167,1436517301
907,Natala,Chill,nchillp6@usa.gov,Female,Rev,80,0.1844,1319690568
908,Liam,Howley,lhowleyp7@zdnet.com,Male,Rev,37,4.0153,1487389194
909,Derward,Swarbrigg,dswarbriggp8@archive.org,Male,Rev,47,4.2682,1474935461
910,Walther,Beeckx,wbeeckxp9@usgs.gov,Male,Mrs,47,4.0884,1427910432
911,Aime,Booker,abookerpa@bandcamp.com,Female,Rev,24,3.503,1430918234
912,Odey,Ditzel,oditzelpb@friendfeed.com,Male,Mrs,43,0.7583,1353972461
913,Kaleb,Prosh,kproshpc@skyrock.com,Male,Rev,40,2.3265,1353195101
914,Petey,Horder,phorderpd@homestead.com,Male,Rev,44,4.3554,1387501411
915,Pamela,Babalola,pbabalolape@netvibes.com,Female,Rev,53,4.9158,1409080070
916,Laney,Housecraft,lhousecraftpf@merriam-webster.com,Female,Honorable,46,3.8908,1356929100
917,Pennie,Wilkowski,pwilkowskipg@yale.edu,Female,Rev,46,2.7208,1337968608
918,Blake,Coleborn,bcolebornph@mediafire.com,Male,Rev,23,4.8103,1292129084
919,Bertrand,Reicharz,breicharzpi@hhs.gov,Male,Mrs,47,1.1174,1445294803
920,Abbe,Fairbrace,afairbracepj@wikipedia.org,Male,Honorable,54,2.4687,1455715495
921,Trueman,Gallichiccio,tgallichicciopk@tuttocitta.it,Male,Ms,75,0.9853,1472500068
922,Sibyl,Buard,sbuardpl@scientificamerican.com,Male,Mrs,73,1.8038,1297682460
923,Fianna,Picken,fpickenpm@homestead.com,Female,Mr,72,0.5003,1493436233
924,Kyle,Orritt,korrittpn@china.com.cn,Female,Dr,26,0.6338,1369830254
925,Emmi,Karoly,ekarolypo@bloglovin.com,Female,Mr,64,2.8588,1421085956
926,Hallsy,Morfield,hmorfieldpp@usgs.gov,Male,Mr,21,3.0036,1266119902
927,Estrella,Bunney,ebunneypq@blogger.com,Female,Honorable,26,3.8507,1327805821
928,Denice,Joinsey,djoinseypr@dailymotion.com,Female,Rev,63,3.0764,1268641301
929,Maryanna,Avrahamov,mavrahamovps@example.com,Female,Honorable,75,3.5967,1390498855
930,Cleveland,Keune,ckeunept@sphinn.com,Male,Ms,43,0.2438,1367168698
931,Micheal,Pote,mpotepu@spiegel.de,Male,Mrs,57,2.5744,1329532601
932,Carolus,Schofield,cschofieldpv@oaic.gov.au,Male,Honorable,66,4.159,1424895062
933,Glen,Ellams,gellamspw@hp.com,Male,Honorable,25,2.7502,1316588892
934,Alvera,Avramovic,aavramovicpx@constantcontact.com,Female,Mr,44,2.9177,1301197374
935,Eduard,Lattin,elattinpy@skyrock.com,Male,Mrs,73,3.501,1297941361
936,Roslyn,Fishleigh,rfishleighpz@flickr.com,Female,Honorable,50,1.8712,1297770167
937,Cesare,Carlick,ccarlickq0@foxnews.com,Male,Mrs,27,4.5309,1302182629
938,Vin,Paradise,vparadiseq1@edublogs.org,Male,Rev,58,2.0455,1319663103
939,Abbey,Wilmore,awilmoreq2@ed.gov,Male,Honorable,42,0.548,1319010392
940,Alanna,Piniur,apiniurq3@marriott.com,Female,Honorable,54,4.3748,1393609474
941,Tracey,Freake,tfreakeq4@sphinn.com,Female,Ms,75,3.4022,1279837428
942,Dew,Labitt,dlabittq5@bluehost.com,Male,Honorable,61,2.0967,1490401446
943,Katee,Pinck,kpinckq6@chronoengine.com,Female,Dr,25,4.4189,1490926515
944,Benedict,Woolvin,bwoolvinq7@mysql.com,Male,Mr,24,0.5316,1430107251
945,Jarret,Polet,jpoletq8@miitbeian.gov.cn,Male,Mr,32,4.5247,1371862466
946,Simon,Sandcraft,ssandcraftq9@privacy.gov.au,Male,Dr,64,3.6207,1324180090
947,Rozalie,Simons,rsimonsqa@squarespace.com,Female,Mr,25,4.5942,1274948521
948,Birgit,Baddam,bbaddamqb@surveymonkey.com,Female,Mr,44,2.4168,1267601888
949,Petronia,Giannazzo,pgiannazzoqc@oaic.gov.au,Female,Rev,23,3.0527,1292421952
950,Sander,Hamshere,shamshereqd@newyorker.com,Male,Dr,19,1.4618,1454176869
951,Rey,Holleran,rholleranqe@princeton.edu,Male,Dr,39,3.2927,1273028659
952,Leeland,Woollons,lwoollonsqf@amazonaws.com,Male,Rev,39,2.1432,1466830036
953,Ninette,Rosenberg,nrosenbergqg@state.tx.us,Female,Honorable,28,2.4569,1331461890
954,Merlina,D'Onise,mdoniseqh@cdc.gov,Female,Rev,32,3.5804,1294987516
955,Currie,Lowerson,clowersonqi@army.mil,Male,Mrs,39,2.8255,1402612540
956,Craggy,Hollingdale,chollingdaleqj@artisteer.com,Male,Mrs,74,3.5025,1325757305
957,Stanislaus,Winslow,swinslowqk@census.gov,Male,Honorable,27,4.354,1433154036
958,Berkie,Valentine,bvalentineql@netlog.com,Male,Honorable,18,0.9942,1365094980
959,Travus,Brithman,tbrithmanqm@state.tx.us,Male,Dr,23,2.688,1321180075
960,Flossy,Decreuze,fdecreuzeqn@ow.ly,Female,Dr,51,1.463,1279743541
961,Thorvald,Whyatt,twhyattqo@sphinn.com,Male,Mrs,65,4.4816,1396802583
962,Niven,Lambol,nlambolqp@wordpress.org,Male,Rev,19,1.8017,1326793835
963,Lukas,Alanbrooke,lalanbrookeqq@imgur.com,Male,Ms,33,3.4549,1285344628
964,Alexandro,Wolton,awoltonqr@nasa.gov,Male,Ms,55,4.3035,1278962199
965,Nedda,Sazio,nsazioqs@miitbeian.gov.cn,Female,Dr,46,1.6575,1478099939
966,Olivier,Linner,olinnerqt@bandcamp.com,Male,Rev,30,1.1352,1281301872
967,Loydie,Coundley,lcoundleyqu@alibaba.com,Male,Rev,25,1.3098,1446368103
968,Adrianna,Porcher,aporcherqv@reuters.com,Female,Mr,26,3.0077,1325497496
969,Gustav,Poyntz,gpoyntzqw@squidoo.com,Male,Mr,35,1.2945,1394471471
970,Meade,Dutnell,mdutnellqx@wordpress.com,Male,Mr,18,1.2707,1350504465
971,Leontine,Farnish,lfarnishqy@indiegogo.com,Female,Dr,38,4.1264,1330764139
972,Halsey,Kindleside,hkindlesideqz@europa.eu,Male,Rev,74,1.3458,1493568958
973,Flor,Lembcke,flembcker0@ow.ly,Female,Mr,75,3.2088,1303722369
974,Barnaby,Veracruysse,bveracruysser1@yahoo.co.jp,Male,Mrs,70,4.027,1273118631
975,Sela,Scorey,sscoreyr2@wordpress.com,Female,Ms,80,1.9968,1364770631
976,Livvy,MacDonogh,lmacdonoghr3@yolasite.com,Female,Mr,48,4.4318,1431077636
977,Brucie,Vinton,bvintonr4@plala.or.jp,Male,Rev,22,4.8671,1348357766
978,Baird,Hariot,bhariotr5@tumblr.com,Male,Dr,64,0.6988,1444209426
979,Carlie,Dundridge,cdundridger6@jugem.jp,Male,Dr,41,2.7837,1366214852
980,Wenda,Fairlam,wfairlamr7@webnode.com,Female,Mrs,80,4.023,1321192581
981,Theobald,Beeson,tbeesonr8@washingtonpost.com,Male,Mrs,53,4.7024,1406716806
982,Addison,Durtnel,adurtnelr9@google.de,Male,Honorable,24,3.0014,1475921539
983,Arlen,Bleier,ableierra@globo.com,Male,Mr,76,0.011,1294363669
984,Les,Liddel,lliddelrb@yale.edu,Male,Honorable,61,1.8246,1446164043
985,Bonni,Coule,bcoulerc@hp.com,Female,Ms,21,2.764,1385047348
986,Skyler,Kleinstein,skleinsteinrd@sina.com.cn,Male,Mrs,24,2.2293,1466641305
987,Marleen,Polet,mpoletre@woothemes.com,Female,Rev,32,4.6852,1403826862
988,Eddy,Aikett,eaikettrf@simplemachines.org,Male,Rev,47,1.9444,1389831222
989,Xavier,Oran,xoranrg@disqus.com,Male,Ms,28,3.4465,1447520293
990,Hilary,McGaughie,hmcgaughierh@merriam-webster.com,Male,Rev,51,0.7868,1448057789
991,Norbert,Ledrane,nledraneri@auda.org.au,Male,Dr,17,4.4019,1456743958
992,Barry,Mitrikhin,bmitrikhinrj@webs.com,Male,Ms,65,1.7253,1284254804
993,Laurene,Ede,lederk@google.com.hk,Female,Mrs,78,0.9479,1290585787
994,Orran,Badwick,obadwickrl@chicagotribune.com,Male,Mr,22,0.0822,1437409274
995,Skell,Winchcombe,swinchcomberm@hao123.com,Male,Mrs,22,3.1039,1346608484
996,Norry,Leving,nlevingrn@webeden.co.uk,Female,Rev,32,0.619,1355441886
997,Jeanelle,Reucastle,jreucastlero@mozilla.org,Female,Mrs,79,3.0496,1412483367
998,Ricca,Siveyer,rsiveyerrp@spotify.com,Female,Mr,74,2.023,1490633074
999,Dottie,Taggerty,dtaggertyrq@dailymail.co.uk,Female,Rev,19,1.7071,1294485718
1000,Auroora,Shadfourth,ashadfourthrr@facebook.com,Female,Mr,63,1.3427,1329960554
